LoadID,LoadNumber,Status,ShipperID,CarrierID,OriginCity,OriginState,OriginZip,DestCity,DestState,DestZip,PickupDate,DeliveryDate,EquipmentType,Commodity,WeightLbs,Miles,CustomerRate,CarrierRate,FuelSurcharge,PONumber,BOLNumber,PRONumber,PODReceived,ExceptionNotes,DriverName,DriverPhone,CreatedAt
1,MF-10001,Delivered,1,128,Atlanta,GA,30318,Miami,FL,33142,2026-06-16,2026-06-19,Van,Beverages,36866,877,1450,1247,184.06,PO-5100001,BOL153872,,Y,,,,2026-05-02 00:00:00
2,MF-10002,Covered,2,78,Los Angeles,CA,90021,Phoenix,AZ,85043,2026-08-25,2026-08-29,Van,Electronics,27912,354,3978,3485,378.60,PO-5500002,BOL224205,PRO7982241,N,,,,2026-05-03 00:00:00
3,MF-10003,In Transit,3,53,Memphis,TN,38118,Houston,TX,77029,2026-08-14,2026-08-19,Reefer,Freshline dairy,21617,1461,3897,3563,350.43,PO-5300003,BOL377501,PRO3634980,N,,Jamal Chen,555-512-1986,2026-05-04 00:00:00
4,MF-10004,Delivered,4,58,Memphis,TN,38118,Houston,TX,77029,2026-08-05,2026-08-06,Reefer,Freshline dairy,37755,325,2348,1926,254.22,PO-8300004,BOL344762,PRO4318855,Y,,,,2026-05-05 00:00:00
5,MF-10005,Delivered,5,35,Indianapolis,IN,46225,Columbus,OH,43215,2026-06-04,2026-06-06,Van,Frozen food,26914,1079,4646,3823,719.65,PO-4700005,BOL591465,PRO7752972,N,,,,2026-05-06 00:00:00
6,MF-10006,Available,6,,Detroit,MI,48209,Cleveland,OH,44113,2026-08-19,2026-08-20,Flatbed,Dry grocery,24408,232,3169,,486.29,PO-4500006,BOL340044,PRO1348050,N,,,,2026-05-07 00:00:00
7,MF-10007,Cancelled,7,141,Detroit,MI,48209,Cleveland,OH,44113,2026-06-13,2026-06-14,Van,Beverages,19894,1378,3525,3071,604.92,PO-6700007,BOL765620,PRO2530793,N,,,,2026-05-08 00:00:00
8,MF-10008,Delivered,8,120,Chicago,IL,60608,Newark,NJ,07105,2026-07-14,2026-07-17,Van,Auto parts,34244,1846,4241,3602,620.28,PO-8800008,BOL676818,,Y,,,,2026-05-09 00:00:00
9,MF-10009,Delivered,9,142,Chicago,IL,60608,Newark,NJ,07105,2026-07-15,2026-07-16,Reefer,Frozen food,41976,920,3622,3059,309.39,PO-7900009,BOL893188,PRO8416216,Y,,,,2026-05-10 00:00:00
10,MF-10010,Dispatched,10,17,Chicago,IL,60608,Newark,NJ,07105,2026-08-22,2026-08-27,Reefer,Beverages,34738,370,4307,3454,581.81,PO-5400010,BOL982277,PRO8741810,N,,Nia Garcia,555-229-4920,2026-05-11 00:00:00
11,MF-10011,Available,11,,Houston,TX,77029,Los Angeles,CA,90021,2026-08-19,2026-08-22,Flatbed,Steel coils,38947,679,3101,,506.93,PO-6900011,BOL678043,,N,,,,2026-05-12 00:00:00
12,MF-10012,Delivered,12,142,Phoenix,AZ,85043,Denver,CO,80216,2026-08-17,2026-08-20,Reefer,Beverages,40089,1952,1410,1155,154.90,PO-4900012,BOL568238,PRO6790218,Y,,,,2026-05-13 00:00:00
13,MF-10013,Delivered,13,25,St. Louis,MO,63102,Kansas City,MO,64120,2026-06-28,2026-07-01,Flatbed,Paper rolls,28852,1705,2356,2120,285.26,PO-7000013,BOL839485,PRO7395997,Y,,,,2026-05-14 00:00:00
14,MF-10014,Delivered,14,17,Minneapolis,MN,55401,Chicago,IL,60608,2026-06-23,2026-06-24,Flatbed,Electronics,42468,2044,1811,1634,224.62,PO-6900014,BOL116093,PRO7878299,Y,,,,2026-05-15 00:00:00
15,MF-10015,Covered,15,144,St. Louis,MO,63102,Kansas City,MO,64120,2026-08-25,2026-08-29,Reefer,Beverages,29532,1925,4237,3540,372.99,PO-8300015,BOL659543,PRO6312692,N,,,,2026-05-16 00:00:00
16,MF-10016,In Transit,16,112,El Paso,TX,79901,Albuquerque,NM,87102,2026-08-18,2026-08-19,Van,Paper rolls,14586,1088,1803,1598,271.15,PO-5000016,BOL827712,,N,,Mei Walsh,555-292-8110,2026-05-17 00:00:00
17,MF-10017,Delivered,17,50,El Paso,TX,79901,Albuquerque,NM,87102,2026-08-18,2026-08-21,Reefer,Frozen food,19140,538,3087,2652,491.61,PO-4500017,BOL739098,PRO5040453,Y,,,,2026-05-18 00:00:00
18,MF-10018,In Transit,18,114,El Paso,TX,79901,Albuquerque,NM,87102,2026-08-23,2026-08-27,Reefer,Freshline dairy,27605,1488,1702,1432,194.98,PO-6700018,BOL823846,,N,,James Wright,555-494-3588,2026-05-19 00:00:00
19,MF-10019,Covered,19,14,Chicago,IL,60608,Dallas,TX,75212,2026-08-20,2026-08-24,Van,Plastic resin,27348,224,3742,3106,410.08,PO-8200019,BOL515032,,N,,,,2026-05-20 00:00:00
20,MF-10020,In Transit,20,37,Chicago,IL,60608,Dallas,TX,75212,2026-08-17,2026-08-21,Van,Electronics,16963,1466,3943,3213,613.36,PO-4600020,BOL757937,PRO6183033,N,,Hannah Walsh,555-851-4115,2026-05-21 00:00:00
21,MF-10021,Dispatched,21,136,Atlanta,GA,30318,Miami,FL,33142,2026-08-17,2026-08-20,Van,Frozen food,31976,1267,2222,1774,297.62,PO-7200021,BOL385765,PRO5311242,N,,Mei Johnson,555-625-3877,2026-05-22 00:00:00
22,MF-10022,Available,22,,Kansas City,MO,64120,Denver,CO,80216,2026-08-14,2026-08-17,Flatbed,Retail freight,12934,468,4694,,429.58,PO-8800022,BOL336574,PRO7667458,N,,,,2026-05-23 00:00:00
23,MF-10023,Cancelled,23,2,Kansas City,MO,64120,Denver,CO,80216,2026-08-14,2026-08-18,Reefer,Frozen food,25181,1377,3262,2712,505.29,PO-6400023,BOL962367,PRO7232293,N,,,,2026-05-24 00:00:00
24,MF-10024,Delivered,24,112,Kansas City,MO,64120,Denver,CO,80216,2026-06-26,2026-06-27,Flatbed,Retail freight,38426,2042,2306,2007,331.00,PO-8400024,BOL416869,PRO2957497,Y,,,,2026-05-25 00:00:00
25,MF-10025,Delivered,25,15,Kansas City,MO,64120,Denver,CO,80216,2026-07-18,2026-07-22,Van,Paper rolls,43402,1038,1955,1631,228.93,PO-7700025,BOL878325,PRO7960607,Y,,,,2026-05-26 00:00:00
26,MF-10026,In Transit,26,36,Detroit,MI,48209,Cleveland,OH,44113,2026-08-17,2026-08-21,Van,Retail freight,43682,2026,2885,2290,428.62,PO-8100026,BOL476096,,N,,Ryan Wright,555-655-4868,2026-05-27 00:00:00
27,MF-10027,Delivered,27,119,Seattle,WA,98134,Portland,OR,97210,2026-06-28,2026-06-29,Van,Electronics,16252,1791,1607,1430,167.70,PO-7600027,BOL315173,,Y,,,,2026-05-28 00:00:00
28,MF-10028,Dispatched,28,30,Detroit,MI,48209,Cleveland,OH,44113,2026-08-17,2026-08-19,Reefer,Beverages,9689,449,3612,2944,351.99,PO-4000028,BOL475644,PRO4991829,N,,James Hernandez,555-348-3129,2026-05-29 00:00:00
29,MF-10029,In Transit,29,7,Detroit,MI,48209,Cleveland,OH,44113,2026-08-24,2026-08-27,Van,Plastic resin,15146,1105,3236,2876,424.96,PO-7200029,BOL332311,PRO1727544,N,,Brett Garcia,555-265-8802,2026-05-30 00:00:00
30,MF-10030,Dispatched,30,8,Houston,TX,77029,Los Angeles,CA,90021,2026-08-19,2026-08-20,Reefer,Freshline dairy,16270,743,1730,1427,164.06,PO-7900030,BOL763829,PRO6455706,N,,Priya Diaz,555-654-2204,2026-05-31 00:00:00
31,MF-10031,Delivered,31,107,Phoenix,AZ,85043,Denver,CO,80216,2026-06-28,2026-07-03,Reefer,Frozen food,22091,1060,1868,1680,271.03,PO-6800031,BOL339592,PRO8608449,Y,,,,2026-06-01 00:00:00
32,MF-10032,Delivered,32,44,Houston,TX,77029,Los Angeles,CA,90021,2026-07-16,2026-07-20,Flatbed,Steel coils,13978,1883,2025,1774,258.04,PO-4500032,BOL197758,PRO7251976,Y,,,,2026-06-02 00:00:00
33,MF-10033,Covered,33,94,Phoenix,AZ,85043,Denver,CO,80216,2026-08-17,2026-08-22,Reefer,Frozen food,35717,1957,3082,2556,451.62,PO-8600033,BOL153945,PRO6242022,N,,,,2026-06-03 00:00:00
34,MF-10034,Delivered,34,29,Minneapolis,MN,55401,Chicago,IL,60608,2026-08-06,2026-08-10,Van,Retail freight,22821,1833,2905,2312,313.32,PO-6700034,BOL986209,PRO1440466,Y,,,,2026-06-04 00:00:00
35,MF-10035,In Transit,35,35,Baltimore,MD,21224,Philadelphia,PA,19148,2026-08-26,2026-08-28,Flatbed,Steel coils,17297,1697,1986,1706,238.48,PO-8000035,BOL132146,,N,,Omar Ali,555-206-3972,2026-06-05 00:00:00
36,MF-10036,In Transit,36,47,El Paso,TX,79901,Albuquerque,NM,87102,2026-08-20,2026-08-24,Van,Retail freight,11261,1560,1615,1294,251.04,PO-4500036,BOL385320,PRO8113787,N,,Mei Johnson,555-781-2391,2026-06-06 00:00:00
37,MF-10037,In Transit,37,28,Chicago,IL,60608,Dallas,TX,75212,2026-08-20,2026-08-23,Flatbed,Frozen food,28212,273,4177,3654,537.43,PO-5400037,BOL514463,PRO1919088,N,,Hannah Chen,555-313-5640,2026-06-07 00:00:00
38,MF-10038,Delivered,38,141,Chicago,IL,60608,Dallas,TX,75212,2026-07-29,2026-07-31,Reefer,Freshline dairy,32917,1270,3437,3040,335.35,PO-8500038,BOL341288,PRO6941939,Y,,,,2026-06-08 00:00:00
39,MF-10039,Delivered,39,72,El Paso,TX,79901,Albuquerque,NM,87102,2026-07-01,2026-07-02,Van,Retail freight,26973,415,3748,3135,539.77,PO-6500039,BOL121869,PRO3883553,Y,,,,2026-06-09 00:00:00
40,MF-10040,Covered,40,12,Newark,NJ,07105,Charlotte,NC,28208,2026-08-15,2026-08-18,Reefer,Frozen food,13154,990,2396,2015,287.63,PO-5900040,BOL882033,,N,,,,2026-06-10 00:00:00
41,MF-10041,Delivered,41,114,Los Angeles,CA,90021,Phoenix,AZ,85043,2026-08-16,2026-08-21,Van,Lumber,17679,663,4579,3795,699.39,PO-4600041,BOL253557,,Y,,,,2026-06-11 00:00:00
42,MF-10042,Delivered,42,23,Newark,NJ,07105,Charlotte,NC,28208,2026-06-03,2026-06-04,Flatbed,Beverages,29181,1949,3709,3287,463.22,PO-8000042,BOL431495,,Y,,,,2026-06-12 00:00:00
43,MF-10043,Delivered,43,145,Indianapolis,IN,46225,Columbus,OH,43215,2026-06-06,2026-06-09,Reefer,Frozen food,11728,935,1703,1402,213.20,PO-5800043,BOL180458,PRO2514923,Y,,,,2026-06-13 00:00:00
44,MF-10044,In Transit,44,93,Seattle,WA,98134,Portland,OR,97210,2026-08-19,2026-08-24,Flatbed,Dry grocery,12054,1102,2716,2348,353.45,PO-4600044,BOL950360,PRO6761929,N,,Tyler Shah,555-867-4084,2026-06-14 00:00:00
45,MF-10045,Cancelled,45,6,Kansas City,MO,64120,Denver,CO,80216,2026-06-22,2026-06-24,Van,Beverages,31848,943,3199,2729,451.00,PO-5800045,BOL506235,PRO6676858,N,,,,2026-06-15 00:00:00
46,MF-10046,In Transit,46,9,Indianapolis,IN,46225,Columbus,OH,43215,2026-08-14,2026-08-17,Reefer,Frozen food,17854,862,4364,3924,769.99,PO-4500046,BOL711046,PRO6869018,N,,Elena Murphy,555-490-5128,2026-06-16 00:00:00
47,MF-10047,Delivered,47,129,Dallas,TX,75212,Atlanta,GA,30318,2026-08-09,2026-08-14,Van,Steel coils,42497,371,4035,3594,650.92,PO-8100047,BOL803024,PRO7070468,Y,,,,2026-06-17 00:00:00
48,MF-10048,Delivered,48,47,Dallas,TX,75212,Atlanta,GA,30318,2026-08-02,2026-08-04,Reefer,Frozen food,14628,1219,2034,1608,334.48,PO-8900048,BOL665990,PRO9833734,Y,,,,2026-06-18 00:00:00
49,MF-10049,Delivered,49,103,Chicago,IL,60608,Newark,NJ,07105,2026-06-07,2026-06-09,Reefer,Frozen food,18848,1656,4237,3762,681.75,PO-6800049,BOL145814,PRO4985095,Y,,,,2026-06-19 00:00:00
50,MF-10050,Cancelled,50,91,Houston,TX,77029,Los Angeles,CA,90021,2026-06-29,2026-07-01,Van,Steel coils,20715,933,4712,4192,802.91,PO-8300050,BOL698128,PRO8745704,N,,,,2026-06-20 00:00:00
51,MF-10051,Dispatched,51,59,Charlotte,NC,28208,Jacksonville,FL,32218,2026-08-18,2026-08-23,Van,Paper rolls,14723,1636,4026,3411,471.53,PO-7300051,BOL992512,,N,,Kate Brooks,555-456-1854,2026-06-21 00:00:00
52,MF-10052,Delivered,52,86,Phoenix,AZ,85043,Denver,CO,80216,2026-07-22,2026-07-26,Van,Plastic resin,9747,1029,2309,2065,388.98,PO-4300052,BOL515712,PRO4955699,Y,,,,2026-06-22 00:00:00
53,MF-10053,Delivered,53,4,Phoenix,AZ,85043,Denver,CO,80216,2026-07-09,2026-07-11,Reefer,Frozen food,10510,767,4062,3359,384.29,PO-7000053,BOL829884,PRO8870361,Y,,,,2026-06-23 00:00:00
54,MF-10054,Delivered,54,33,Charlotte,NC,28208,Jacksonville,FL,32218,2026-08-15,2026-08-16,Van,Auto parts,26881,666,4378,3788,535.54,PO-5900054,BOL227767,,Y,,,,2026-06-24 00:00:00
55,MF-10055,Delivered,55,81,Salt Lake City,UT,84104,Boise,ID,83702,2026-08-17,2026-08-18,Flatbed,Lumber,27088,1059,3510,3020,533.01,PO-4000055,BOL744674,PRO7988844,N,,,,2026-06-25 00:00:00
56,MF-10056,Delivered,56,9,St. Louis,MO,63102,Kansas City,MO,64120,2026-06-19,2026-06-22,Flatbed,Lumber,38810,269,3479,2983,414.16,PO-8000056,BOL505674,PRO5255545,Y,,,,2026-06-26 00:00:00
57,MF-10057,Dispatched,57,48,El Paso,TX,79901,Albuquerque,NM,87102,2026-08-14,2026-08-15,Van,Frozen food,19474,1880,2843,2434,458.72,PO-8900057,BOL817941,PRO9028420,N,,Jamal Johnson,555-336-1726,2026-06-27 00:00:00
58,MF-10058,In Transit,58,5,El Paso,TX,79901,Albuquerque,NM,87102,2026-08-25,2026-08-29,Reefer,Frozen food,39024,698,3511,2934,567.17,PO-4200058,BOL889882,PRO5800144,N,,Ryan Patel,555-523-6080,2026-06-28 00:00:00
59,MF-10059,Delivered,59,35,El Paso,TX,79901,Albuquerque,NM,87102,2026-06-03,2026-06-06,Van,Retail freight,33339,874,3038,2685,514.83,PO-5100059,BOL620306,PRO7163058,Y,,,,2026-06-29 00:00:00
60,MF-10060,Available,60,,Los Angeles,CA,90021,Phoenix,AZ,85043,2026-08-14,2026-08-15,Flatbed,Plastic resin,19826,1297,1723,,212.03,PO-5800060,BOL436814,,N,,,,2026-06-30 00:00:00
61,MF-10061,Delivered,61,107,Newark,NJ,07105,Charlotte,NC,28208,2026-07-17,2026-07-21,Flatbed,Plastic resin,31105,1439,3218,2668,271.07,PO-6700061,BOL387892,PRO1962308,Y,,,,2026-07-01 00:00:00
62,MF-10062,Delivered,62,139,Kansas City,MO,64120,Denver,CO,80216,2026-07-10,2026-07-15,Flatbed,Auto parts,36716,251,1984,1783,293.25,PO-4800062,BOL170499,,Y,,,,2026-07-02 00:00:00
63,MF-10063,In Transit,63,5,Kansas City,MO,64120,Denver,CO,80216,2026-08-20,2026-08-25,Flatbed,Auto parts,32048,995,4525,3578,424.31,PO-6000063,BOL781113,,N,,Tyler Ali,555-580-8273,2026-07-03 00:00:00
64,MF-10064,Cancelled,64,87,Memphis,TN,38118,Houston,TX,77029,2026-08-02,2026-08-06,Reefer,Frozen food,22062,1433,2472,2196,371.80,PO-5800064,BOL827691,PRO9240971,N,,,,2026-07-04 00:00:00
65,MF-10065,Delivered,65,23,Indianapolis,IN,46225,Columbus,OH,43215,2026-08-16,2026-08-20,Flatbed,Beverages,28944,1547,4719,4131,776.52,PO-6200065,BOL844007,,Y,,,,2026-07-05 00:00:00
66,MF-10066,In Transit,66,145,Louisville,KY,40210,Nashville,TN,37210,2026-08-24,2026-08-26,Reefer,Frozen food,32176,1137,4637,3937,538.31,PO-7500066,BOL236074,PRO2446455,N,,Priya Singh,555-342-4878,2026-07-06 00:00:00
67,MF-10067,Delivered,67,58,Dallas,TX,75212,Atlanta,GA,30318,2026-06-25,2026-06-30,Reefer,Frozen food,41905,885,2698,2347,337.24,PO-4800067,BOL969325,PRO4052834,Y,,,,2026-07-07 00:00:00
68,MF-10068,Dispatched,68,8,Detroit,MI,48209,Cleveland,OH,44113,2026-08-20,2026-08-25,Van,Lumber,42006,2012,2721,2478,279.03,PO-5800068,BOL987025,,N,,Luis Kim,555-368-3653,2026-07-08 00:00:00
69,MF-10069,Delivered,69,109,Chicago,IL,60608,Newark,NJ,07105,2026-08-09,2026-08-12,Flatbed,Frozen food,19219,1529,2090,1803,288.56,PO-7900069,BOL855638,PRO6664316,Y,,,,2026-07-09 00:00:00
70,MF-10070,Covered,70,6,Dallas,TX,75212,Atlanta,GA,30318,2026-08-26,2026-08-27,Flatbed,Electronics,35301,1445,2484,2163,389.23,PO-8000070,BOL131757,PRO5859883,N,,,,2026-07-10 00:00:00
71,MF-10071,In Transit,71,124,Phoenix,AZ,85043,Denver,CO,80216,2026-08-19,2026-08-21,Reefer,Freshline dairy,17415,820,3102,2629,311.45,PO-8500071,BOL434827,PRO6794356,N,,Darnell Patel,555-361-8202,2026-07-11 00:00:00
72,MF-10072,Cancelled,72,94,Phoenix,AZ,85043,Denver,CO,80216,2026-07-09,2026-07-14,Van,Retail freight,24247,468,2390,2020,255.13,PO-4600072,BOL153063,,N,,,,2026-07-12 00:00:00
73,MF-10073,Delivered,73,45,St. Louis,MO,63102,Kansas City,MO,64120,2026-07-25,2026-07-27,Flatbed,Retail freight,40686,1980,2052,1743,269.78,PO-5900073,BOL621530,,Y,,,,2026-07-13 00:00:00
74,MF-10074,Available,74,,Baltimore,MD,21224,Philadelphia,PA,19148,2026-08-23,2026-08-25,Flatbed,Retail freight,40433,1403,1599,,136.00,PO-8100074,BOL805188,PRO1137194,N,,,,2026-07-14 00:00:00
75,MF-10075,Covered,75,136,Salt Lake City,UT,84104,Boise,ID,83702,2026-08-24,2026-08-27,Reefer,Freshline dairy,20756,922,1585,1325,217.19,PO-7500075,BOL402620,,N,,,,2026-07-15 00:00:00
76,MF-10076,In Transit,76,16,Salt Lake City,UT,84104,Boise,ID,83702,2026-08-17,2026-08-22,Van,Frozen food,34305,1204,4492,3594,629.99,PO-4200076,BOL147504,,N,,Andre Ali,555-547-6990,2026-07-16 00:00:00
77,MF-10077,Dispatched,77,20,Chicago,IL,60608,Dallas,TX,75212,2026-08-18,2026-08-22,Flatbed,Lumber,27610,1395,2065,1724,292.51,PO-6100077,BOL631958,PRO9931180,N,,Luis Johnson,555-827-6218,2026-07-17 00:00:00
78,MF-10078,In Transit,78,52,Chicago,IL,60608,Dallas,TX,75212,2026-08-19,2026-08-20,Reefer,Frozen food,22912,1657,3844,3253,679.26,PO-4300078,BOL711868,PRO9795159,N,,Sofia Shah,555-515-1436,2026-07-18 00:00:00
79,MF-10079,In Transit,79,5,Los Angeles,CA,90021,Phoenix,AZ,85043,2026-08-24,2026-08-26,Flatbed,Frozen food,34894,1207,3115,2495,464.29,PO-8900079,BOL741181,PRO2044906,N,,Ryan Okoye,555-651-6139,2026-07-19 00:00:00
80,MF-10080,Dispatched,80,119,Atlanta,GA,30318,Miami,FL,33142,2026-08-18,2026-08-21,Reefer,Freshline dairy,25325,1429,2802,2399,413.54,PO-7000080,BOL301603,PRO5680950,N,,Omar Kowalski,555-670-9734,2026-07-20 00:00:00
81,MF-10081,In Transit,81,129,Los Angeles,CA,90021,Phoenix,AZ,85043,2026-08-22,2026-08-25,Van,Beverages,32883,2014,2578,2054,380.67,PO-6500081,BOL958130,,N,,Omar Diaz,555-557-5480,2026-07-21 00:00:00
82,MF-10082,Dispatched,82,37,Newark,NJ,07105,Charlotte,NC,28208,2026-08-22,2026-08-23,Flatbed,Frozen food,43296,735,4461,3778,447.02,PO-7500082,BOL829988,,N,,Hannah Wright,555-871-5201,2026-07-22 00:00:00
83,MF-10083,Delivered,83,120,Memphis,TN,38118,Houston,TX,77029,2026-07-25,2026-07-26,Flatbed,Paper rolls,38959,385,1615,1282,182.54,PO-8300083,BOL908206,,Y,,,,2026-07-23 00:00:00
84,MF-10084,Cancelled,84,77,Kansas City,MO,64120,Denver,CO,80216,2026-07-04,2026-07-08,Flatbed,Paper rolls,11877,2039,4496,4113,504.08,PO-8900084,BOL193806,PRO4896008,N,,,,2026-07-24 00:00:00
85,MF-10085,In Transit,85,23,Kansas City,MO,64120,Denver,CO,80216,2026-08-24,2026-08-28,Van,Plastic resin,29957,762,1437,1180,201.58,PO-6900085,BOL772464,PRO9286475,N,,Nia Kowalski,555-496-1613,2026-07-25 00:00:00
86,MF-10086,Available,86,,Seattle,WA,98134,Portland,OR,97210,2026-08-18,2026-08-22,Reefer,Frozen food,38075,1507,2754,,265.07,PO-5600086,BOL853504,,N,,,,2026-07-26 00:00:00
87,MF-10087,Dispatched,87,23,Detroit,MI,48209,Cleveland,OH,44113,2026-08-17,2026-08-19,Flatbed,Plastic resin,17215,1157,3041,2656,299.47,PO-6000087,BOL360096,,N,,Sofia Okafor,555-535-2421,2026-07-27 00:00:00
88,MF-10088,Delivered,88,39,Chicago,IL,60608,Newark,NJ,07105,2026-07-22,2026-07-25,Flatbed,Electronics,15747,1133,4077,3385,422.50,PO-5900088,BOL267475,PRO9430894,N,,,,2026-07-28 00:00:00
89,MF-10089,Available,89,,Chicago,IL,60608,Newark,NJ,07105,2026-08-15,2026-08-16,Flatbed,Steel coils,22360,453,2905,,410.95,PO-7000089,BOL260626,PRO7268384,N,,,,2026-07-29 00:00:00
90,MF-10090,Delivered,90,141,Phoenix,AZ,85043,Denver,CO,80216,2026-06-18,2026-06-20,Van,Electronics,31709,339,1735,1480,230.44,PO-7600090,BOL217659,,Y,,,,2026-07-30 00:00:00
91,MF-10091,In Transit,91,20,Houston,TX,77029,Los Angeles,CA,90021,2026-08-17,2026-08-22,Van,Retail freight,41447,1092,4336,3736,386.31,PO-4300091,BOL575458,,N,,Brett Wright,555-319-4365,2026-07-31 00:00:00
92,MF-10092,Delivered,92,121,Houston,TX,77029,Los Angeles,CA,90021,2026-06-15,2026-06-19,Reefer,Freshline dairy,10968,1047,1412,1248,194.62,PO-6200092,BOL834406,,Y,,,,2026-08-01 00:00:00
93,MF-10093,Cancelled,93,37,Phoenix,AZ,85043,Denver,CO,80216,2026-06-26,2026-06-27,Reefer,Frozen food,35548,946,4536,3945,693.69,PO-6400093,BOL570325,PRO7333337,N,,,,2026-08-02 00:00:00
94,MF-10094,Delivered,94,16,Minneapolis,MN,55401,Chicago,IL,60608,2026-06-03,2026-06-06,Van,Lumber,8227,1728,1921,1694,196.46,PO-4100094,BOL412856,PRO8115687,Y,,,,2026-08-03 00:00:00
95,MF-10095,In Transit,95,48,St. Louis,MO,63102,Kansas City,MO,64120,2026-08-23,2026-08-27,Van,Steel coils,9025,672,3918,3476,659.70,PO-5300095,BOL170559,,N,,Ryan Garcia,555-232-7868,2026-08-04 00:00:00
96,MF-10096,Delivered,96,56,St. Louis,MO,63102,Kansas City,MO,64120,2026-07-25,2026-07-26,Reefer,Beverages,26957,659,4578,3607,596.92,PO-8600096,BOL704095,,Y,,,,2026-08-05 00:00:00
97,MF-10097,In Transit,97,19,El Paso,TX,79901,Albuquerque,NM,87102,2026-08-23,2026-08-26,Flatbed,Lumber,19477,1462,1649,1414,229.49,PO-8300097,BOL547952,PRO1786584,N,,Anika Chen,555-507-5508,2026-08-06 00:00:00
98,MF-10098,Cancelled,98,128,Atlanta,GA,30318,Miami,FL,33142,2026-06-19,2026-06-22,Reefer,Frozen food,39032,673,2628,2188,408.50,PO-5400098,BOL415344,PRO3421820,N,,,,2026-08-07 00:00:00
99,MF-10099,Covered,99,59,El Paso,TX,79901,Albuquerque,NM,87102,2026-08-18,2026-08-22,Flatbed,Lumber,29644,1504,1949,1626,205.62,PO-4500099,BOL571635,PRO2551288,N,,,,2026-08-08 00:00:00
100,MF-10100,In Transit,100,53,Atlanta,GA,30318,Miami,FL,33142,2026-08-26,2026-08-29,Flatbed,Electronics,22222,1161,4695,4162,715.66,PO-5300100,BOL449138,,N,,Kate Patel,555-274-4082,2026-08-09 00:00:00
101,MF-10101,Available,101,,Los Angeles,CA,90021,Phoenix,AZ,85043,2026-08-23,2026-08-24,Flatbed,Beverages,21402,992,2393,,357.90,PO-5500101,BOL678897,,N,,,,2026-08-10 00:00:00
102,MF-10102,Delivered,102,42,Kansas City,MO,64120,Denver,CO,80216,2026-06-18,2026-06-21,Reefer,Beverages,38768,1739,3308,2625,589.26,PO-6000102,BOL312994,PRO7944595,Y,,,,2026-08-11 00:00:00
103,MF-10103,Delivered,103,34,Memphis,TN,38118,Houston,TX,77029,2026-08-07,2026-08-08,Flatbed,Electronics,23074,957,3110,2554,309.82,PO-7600103,BOL973844,,Y,,,,2026-08-12 00:00:00
104,MF-10104,In Transit,104,134,Indianapolis,IN,46225,Columbus,OH,43215,2026-08-22,2026-08-26,Flatbed,Beverages,43529,1494,1973,1737,254.18,PO-4300104,BOL649395,,N,,Tyler Kowalski,555-560-3773,2026-08-13 00:00:00
105,MF-10105,Covered,105,58,Kansas City,MO,64120,Denver,CO,80216,2026-08-14,2026-08-15,Van,Paper rolls,41143,1113,1678,1474,135.77,PO-6300105,BOL163386,PRO9106820,N,,,,2026-08-14 00:00:00
106,MF-10106,In Transit,106,93,Indianapolis,IN,46225,Columbus,OH,43215,2026-08-26,2026-08-31,Reefer,Frozen food,36218,1831,1470,1249,220.19,PO-5100106,BOL212214,PRO9797727,N,,Brett Hernandez,555-748-5697,2026-08-15 00:00:00
107,MF-10107,Delivered,107,33,Louisville,KY,40210,Nashville,TN,37210,2026-06-07,2026-06-12,Reefer,Freshline dairy,22801,794,3063,2585,319.53,PO-8300107,BOL968286,PRO1531577,N,,,,2026-08-16 00:00:00
108,MF-10108,Delivered,108,76,Chicago,IL,60608,Newark,NJ,07105,2026-07-08,2026-07-13,Van,Dry grocery,29710,1338,1738,1477,214.45,PO-4600108,BOL653815,PRO4854842,Y,,,,2026-08-17 00:00:00
109,MF-10109,Delivered,109,10,Houston,TX,77029,Los Angeles,CA,90021,2026-07-22,2026-07-23,Flatbed,Steel coils,28610,212,3708,3233,363.14,PO-5300109,BOL715551,,Y,,,,2026-08-18 00:00:00
110,MF-10110,Covered,110,21,Phoenix,AZ,85043,Denver,CO,80216,2026-08-25,2026-08-28,Flatbed,Paper rolls,43426,859,3721,3337,442.49,PO-6400110,BOL892313,PRO2315798,N,,,,2026-05-01 00:00:00
111,MF-10111,In Transit,111,63,Phoenix,AZ,85043,Denver,CO,80216,2026-08-26,2026-08-27,Van,Frozen food,37527,1184,4568,3771,655.11,PO-5400111,BOL473095,PRO7298619,N,,Omar Cole,555-828-7499,2026-05-02 00:00:00
112,MF-10112,Delivered,112,38,Minneapolis,MN,55401,Chicago,IL,60608,2026-08-15,2026-08-20,Van,Frozen food,18110,1694,2031,1692,321.69,PO-6400112,BOL432061,PRO2535458,Y,,,,2026-05-03 00:00:00
113,MF-10113,Delivered,113,141,Minneapolis,MN,55401,Chicago,IL,60608,2026-06-30,2026-07-03,Reefer,Frozen food,41583,1015,2167,1821,294.06,PO-4600113,BOL127537,,Y,,,,2026-05-04 00:00:00
114,MF-10114,In Transit,114,38,St. Louis,MO,63102,Kansas City,MO,64120,2026-08-20,2026-08-21,Reefer,Frozen food,25623,796,2094,1834,203.01,PO-5700114,BOL617077,,N,,Elena Walsh,555-785-9537,2026-05-05 00:00:00
115,MF-10115,Delivered,115,77,Baltimore,MD,21224,Philadelphia,PA,19148,2026-07-03,2026-07-06,Van,Retail freight,20815,1117,2410,2123,312.29,PO-4600115,BOL242071,,Y,,,,2026-05-06 00:00:00
116,MF-10116,Available,116,,Salt Lake City,UT,84104,Boise,ID,83702,2026-08-17,2026-08-21,Reefer,Freshline dairy,16921,795,3163,,510.97,PO-6000116,BOL732512,PRO4369728,N,,,,2026-05-07 00:00:00
117,MF-10117,Delivered,117,38,Salt Lake City,UT,84104,Boise,ID,83702,2026-07-06,2026-07-09,Flatbed,Beverages,33751,927,4602,3745,541.22,PO-4700117,BOL691240,,Y,,,,2026-05-08 00:00:00
118,MF-10118,Cancelled,118,4,El Paso,TX,79901,Albuquerque,NM,87102,2026-05-30,2026-06-04,Flatbed,Beverages,12532,1857,4301,3481,687.16,PO-6600118,BOL805668,PRO6080688,N,,,,2026-05-09 00:00:00
119,MF-10119,Delivered,119,10,Chicago,IL,60608,Dallas,TX,75212,2026-07-02,2026-07-06,Reefer,Freshline dairy,35413,1293,3588,3053,617.28,PO-4200119,BOL929130,PRO2425760,Y,,,,2026-05-10 00:00:00
120,MF-10120,Delivered,120,22,Atlanta,GA,30318,Miami,FL,33142,2026-06-02,2026-06-05,Flatbed,Electronics,29731,1810,4042,3536,484.89,PO-6700120,BOL211090,,N,,,,2026-05-11 00:00:00
121,MF-10121,Delivered,1,55,Los Angeles,CA,90021,Phoenix,AZ,85043,2026-06-29,2026-07-02,Reefer,Beverages,27361,1031,2812,2586,360.72,PO-4500121,BOL221707,PRO3376915,Y,,,,2026-05-12 00:00:00
122,MF-10122,Delivered,2,87,Memphis,TN,38118,Houston,TX,77029,2026-06-28,2026-06-30,Reefer,Freshline dairy,27678,271,4357,3823,487.51,PO-8500122,BOL220675,,Y,,,,2026-05-13 00:00:00
123,MF-10123,Delivered,3,138,Newark,NJ,07105,Charlotte,NC,28208,2026-05-31,2026-06-02,Van,Lumber,38281,654,2055,1698,252.02,PO-6500123,BOL760351,,Y,,,,2026-05-14 00:00:00
124,MF-10124,In Transit,4,138,Seattle,WA,98134,Portland,OR,97210,2026-08-20,2026-08-21,Flatbed,Paper rolls,12100,1362,1418,1245,142.62,PO-4600124,BOL938338,PRO4136665,N,,Tyler Shah,555-639-7370,2026-05-15 00:00:00
125,MF-10125,Delivered,5,34,Indianapolis,IN,46225,Columbus,OH,43215,2026-06-28,2026-06-29,Flatbed,Beverages,33725,1382,4017,3309,477.48,PO-4700125,BOL464825,PRO8681625,Y,,,,2026-05-16 00:00:00
126,MF-10126,In Transit,6,11,Louisville,KY,40210,Nashville,TN,37210,2026-08-17,2026-08-22,Flatbed,Auto parts,41477,975,1879,1513,280.62,PO-6600126,BOL725397,,N,,Omar Garcia,555-444-6003,2026-05-17 00:00:00
127,MF-10127,Delivered,7,125,Louisville,KY,40210,Nashville,TN,37210,2026-06-24,2026-06-29,Flatbed,Auto parts,37556,1448,3405,2793,336.11,PO-4300127,BOL476479,PRO9130388,Y,,,,2026-05-18 00:00:00
128,MF-10128,Delivered,8,118,Chicago,IL,60608,Newark,NJ,07105,2026-06-15,2026-06-20,Reefer,Beverages,13417,1337,4308,3866,555.17,PO-4100128,BOL934541,PRO5900455,Y,,,,2026-05-19 00:00:00
129,MF-10129,Delivered,9,22,Dallas,TX,75212,Atlanta,GA,30318,2026-06-18,2026-06-21,Reefer,Beverages,15484,728,3428,2937,313.05,PO-8900129,BOL669488,PRO7154919,Y,,,,2026-05-20 00:00:00
130,MF-10130,In Transit,10,92,Dallas,TX,75212,Atlanta,GA,30318,2026-08-14,2026-08-18,Van,Plastic resin,13700,1079,3242,2648,538.89,PO-4700130,BOL913308,PRO4521171,N,,Priya Walsh,555-504-1528,2026-05-21 00:00:00
131,MF-10131,Covered,11,113,Phoenix,AZ,85043,Denver,CO,80216,2026-08-15,2026-08-20,Reefer,Beverages,11890,1347,1970,1753,317.87,PO-6200131,BOL658136,,N,,,,2026-05-22 00:00:00
132,MF-10132,In Transit,12,38,Charlotte,NC,28208,Jacksonville,FL,32218,2026-08-15,2026-08-18,Flatbed,Steel coils,16315,1616,1642,1508,273.73,PO-4800132,BOL361805,,N,,Brett Garcia,555-338-7743,2026-05-23 00:00:00
133,MF-10133,Delivered,13,78,Charlotte,NC,28208,Jacksonville,FL,32218,2026-05-31,2026-06-04,Van,Electronics,14101,1005,3971,3327,497.17,PO-7200133,BOL886224,,Y,,,,2026-05-24 00:00:00
134,MF-10134,Available,14,,St. Louis,MO,63102,Kansas City,MO,64120,2026-08-19,2026-08-23,Reefer,Frozen food,14104,1676,4570,,752.76,PO-6900134,BOL765678,PRO7009980,N,,,,2026-05-25 00:00:00
135,MF-10135,Covered,15,28,Salt Lake City,UT,84104,Boise,ID,83702,2026-08-23,2026-08-27,Reefer,Freshline dairy,16558,1339,4792,3928,645.63,PO-7100135,BOL926596,,N,,,,2026-05-26 00:00:00
136,MF-10136,In Transit,16,113,St. Louis,MO,63102,Kansas City,MO,64120,2026-08-26,2026-08-27,Reefer,Frozen food,16645,1986,3152,2547,469.20,PO-8100136,BOL416528,,N,,Keisha Wright,555-667-1011,2026-05-27 00:00:00
137,MF-10137,Available,17,,El Paso,TX,79901,Albuquerque,NM,87102,2026-08-25,2026-08-28,Reefer,Frozen food,18847,286,2923,,428.08,PO-6500137,BOL755993,,N,,,,2026-05-28 00:00:00
138,MF-10138,In Transit,18,129,El Paso,TX,79901,Albuquerque,NM,87102,2026-08-20,2026-08-21,Van,Dry grocery,8608,196,3831,3109,566.98,PO-8400138,BOL460263,PRO8085252,N,,Ryan Diaz,555-279-3174,2026-05-29 00:00:00
139,MF-10139,In Transit,19,54,Los Angeles,CA,90021,Phoenix,AZ,85043,2026-08-25,2026-08-27,Van,Frozen food,16725,1493,1961,1634,316.38,PO-8300139,BOL249792,,N,,Priya Johnson,555-576-5902,2026-05-30 00:00:00
140,MF-10140,In Transit,20,134,Atlanta,GA,30318,Miami,FL,33142,2026-08-19,2026-08-22,Van,Auto parts,16071,1387,1755,1589,164.97,PO-8600140,BOL502686,PRO8203947,N,,Sofia Cole,555-653-4559,2026-05-31 00:00:00
141,MF-10141,Delivered,21,115,Los Angeles,CA,90021,Phoenix,AZ,85043,2026-07-25,2026-07-28,Van,Paper rolls,9757,1916,3857,3397,418.45,PO-8200141,BOL416302,,Y,,,,2026-06-01 00:00:00
142,MF-10142,In Transit,22,38,Newark,NJ,07105,Charlotte,NC,28208,2026-08-15,2026-08-19,Flatbed,Dry grocery,42621,2000,2387,2028,332.73,PO-4000142,BOL478638,PRO3214305,N,,Anika Diaz,555-595-2847,2026-06-02 00:00:00
143,MF-10143,Delivered,23,124,Indianapolis,IN,46225,Columbus,OH,43215,2026-07-10,2026-07-15,Van,Beverages,8903,716,4555,3599,631.94,PO-5300143,BOL141761,PRO7676912,Y,,,,2026-06-03 00:00:00
144,MF-10144,In Transit,24,11,Seattle,WA,98134,Portland,OR,97210,2026-08-20,2026-08-24,Flatbed,Lumber,21316,1834,1742,1434,228.43,PO-4900144,BOL662445,,N,,Elena Cole,555-356-5546,2026-06-04 00:00:00
145,MF-10145,In Transit,25,136,Kansas City,MO,64120,Denver,CO,80216,2026-08-22,2026-08-26,Van,Dry grocery,19511,424,3257,2819,278.48,PO-4000145,BOL842287,,N,,Anika Nguyen,555-644-2900,2026-06-05 00:00:00
146,MF-10146,Delivered,26,87,Detroit,MI,48209,Cleveland,OH,44113,2026-07-12,2026-07-17,Flatbed,Steel coils,15736,1759,1919,1698,321.14,PO-4100146,BOL451284,PRO5563077,Y,,,,2026-06-06 00:00:00
147,MF-10147,In Transit,27,113,Detroit,MI,48209,Cleveland,OH,44113,2026-08-15,2026-08-20,Van,Beverages,18309,702,3446,3102,333.19,PO-8900147,BOL207903,PRO2934976,N,,Tyler Okafor,555-568-1908,2026-06-07 00:00:00
148,MF-10148,Delivered,28,32,Louisville,KY,40210,Nashville,TN,37210,2026-08-20,2026-08-21,Van,Beverages,10317,1312,2014,1621,354.53,PO-8500148,BOL876644,PRO4766741,Y,,,,2026-06-08 00:00:00
149,MF-10149,Delivered,29,10,Houston,TX,77029,Los Angeles,CA,90021,2026-07-16,2026-07-19,Flatbed,Retail freight,41801,274,4157,3767,407.11,PO-6500149,BOL172274,PRO5736323,Y,,,,2026-06-09 00:00:00
150,MF-10150,Dispatched,30,93,Houston,TX,77029,Los Angeles,CA,90021,2026-08-21,2026-08-22,Reefer,Freshline dairy,40332,1762,4429,3840,559.79,PO-8900150,BOL304915,PRO5112546,N,,Ryan Kim,555-777-5979,2026-06-10 00:00:00
151,MF-10151,Delivered,31,92,Charlotte,NC,28208,Jacksonville,FL,32218,2026-08-22,2026-08-24,Reefer,Freshline dairy,28153,392,4092,3407,629.38,PO-5300151,BOL655550,PRO8043341,N,,,,2026-06-11 00:00:00
152,MF-10152,In Transit,32,12,Houston,TX,77029,Los Angeles,CA,90021,2026-08-24,2026-08-27,Van,Paper rolls,16749,1485,4463,3534,399.70,PO-6500152,BOL178465,PRO2044933,N,,Brett Chen,555-581-8511,2026-06-12 00:00:00
153,MF-10153,Delivered,33,34,Charlotte,NC,28208,Jacksonville,FL,32218,2026-07-26,2026-07-29,Reefer,Beverages,12894,595,2736,2255,293.29,PO-4800153,BOL917823,PRO2828260,Y,,,,2026-06-13 00:00:00
154,MF-10154,Delivered,34,44,Minneapolis,MN,55401,Chicago,IL,60608,2026-06-29,2026-07-03,Reefer,Frozen food,25367,1925,4555,3685,504.83,PO-4700154,BOL194813,,Y,,,,2026-06-14 00:00:00
155,MF-10155,In Transit,35,19,Minneapolis,MN,55401,Chicago,IL,60608,2026-08-23,2026-08-26,Van,Paper rolls,19394,243,4173,3429,676.06,PO-6500155,BOL996114,PRO5191831,N,,Hannah Murphy,555-725-1802,2026-06-15 00:00:00
156,MF-10156,Delivered,36,2,St. Louis,MO,63102,Kansas City,MO,64120,2026-08-08,2026-08-09,Van,Paper rolls,13507,1372,4773,3990,709.40,PO-7700156,BOL371393,PRO2258076,Y,,,,2026-06-16 00:00:00
157,MF-10157,Delivered,37,17,Baltimore,MD,21224,Philadelphia,PA,19148,2026-07-31,2026-08-04,Van,Retail freight,36387,1862,3288,2587,566.89,PO-8600157,BOL514186,PRO7421134,Y,,,,2026-06-17 00:00:00
158,MF-10158,In Transit,38,24,El Paso,TX,79901,Albuquerque,NM,87102,2026-08-21,2026-08-23,Reefer,Freshline dairy,39393,304,4051,3327,490.98,PO-4500158,BOL393366,PRO8033593,N,,Luis Patel,555-828-5026,2026-06-18 00:00:00
159,MF-10159,Delivered,39,145,Chicago,IL,60608,Dallas,TX,75212,2026-06-06,2026-06-11,Van,Plastic resin,30546,2049,2870,2431,453.87,PO-7600159,BOL626797,,Y,,,,2026-06-19 00:00:00
160,MF-10160,Delivered,40,29,Chicago,IL,60608,Dallas,TX,75212,2026-07-16,2026-07-21,Van,Steel coils,23254,506,3332,2845,522.07,PO-4600160,BOL359896,PRO5471581,N,,,,2026-06-20 00:00:00
161,MF-10161,In Transit,41,97,Atlanta,GA,30318,Miami,FL,33142,2026-08-14,2026-08-16,Reefer,Frozen food,9848,1620,4702,4153,544.86,PO-8400161,BOL468765,PRO3384080,N,,Keisha Walsh,555-806-6210,2026-06-21 00:00:00
162,MF-10162,In Transit,42,92,Newark,NJ,07105,Charlotte,NC,28208,2026-08-14,2026-08-18,Reefer,Freshline dairy,8044,859,3864,3132,512.54,PO-7900162,BOL311250,PRO6716988,N,,Maria Nguyen,555-257-4811,2026-06-22 00:00:00
163,MF-10163,Dispatched,43,19,Kansas City,MO,64120,Denver,CO,80216,2026-08-26,2026-08-27,Flatbed,Auto parts,14621,869,2930,2574,428.41,PO-5900163,BOL438273,,N,,Priya Okafor,555-573-2188,2026-06-23 00:00:00
164,MF-10164,Delivered,44,118,Seattle,WA,98134,Portland,OR,97210,2026-06-05,2026-06-09,Reefer,Beverages,31384,637,4240,3835,599.41,PO-8200164,BOL717558,PRO7348231,Y,,,,2026-06-24 00:00:00
165,MF-10165,Delivered,45,136,Seattle,WA,98134,Portland,OR,97210,2026-08-09,2026-08-11,Van,Electronics,28854,2066,4557,4170,379.32,PO-7900165,BOL331625,PRO2746679,Y,,,,2026-06-25 00:00:00
166,MF-10166,Available,46,,Seattle,WA,98134,Portland,OR,97210,2026-08-21,2026-08-22,Van,Retail freight,13814,1862,2708,,262.10,PO-8500166,BOL802571,PRO6632941,N,,,,2026-06-26 00:00:00
167,MF-10167,Delivered,47,125,Detroit,MI,48209,Cleveland,OH,44113,2026-07-30,2026-08-01,Van,Retail freight,36719,1680,1842,1622,156.23,PO-6600167,BOL274418,PRO9272543,Y,,,,2026-06-27 00:00:00
168,MF-10168,Available,48,,Dallas,TX,75212,Atlanta,GA,30318,2026-08-18,2026-08-22,Van,Beverages,22783,513,4630,,770.46,PO-6800168,BOL177289,PRO1560573,N,,,,2026-06-28 00:00:00
169,MF-10169,Delivered,49,10,Chicago,IL,60608,Newark,NJ,07105,2026-07-23,2026-07-24,Reefer,Freshline dairy,14101,872,1707,1462,289.87,PO-7800169,BOL743453,PRO1519979,Y,,,,2026-06-29 00:00:00
170,MF-10170,Delivered,50,21,Chicago,IL,60608,Newark,NJ,07105,2026-06-09,2026-06-13,Van,Frozen food,43397,723,2178,1823,294.93,PO-8200170,BOL395198,,Y,,,,2026-06-30 00:00:00
171,MF-10171,Delivered,51,78,Charlotte,NC,28208,Jacksonville,FL,32218,2026-06-13,2026-06-18,Van,Dry grocery,39478,588,3151,2496,511.69,PO-4600171,BOL126985,,Y,,,,2026-07-01 00:00:00
172,MF-10172,In Transit,52,42,Houston,TX,77029,Los Angeles,CA,90021,2026-08-19,2026-08-20,Reefer,Freshline dairy,20227,1092,2157,1794,254.84,PO-4200172,BOL376085,PRO5419132,N,,Carlos Nguyen,555-857-7349,2026-07-02 00:00:00
173,MF-10173,Delivered,53,20,Minneapolis,MN,55401,Chicago,IL,60608,2026-06-14,2026-06-15,Flatbed,Frozen food,22910,1313,2808,2507,340.89,PO-4300173,BOL981639,PRO9767475,Y,,,,2026-07-03 00:00:00
174,MF-10174,Delivered,54,76,Baltimore,MD,21224,Philadelphia,PA,19148,2026-06-13,2026-06-15,Reefer,Frozen food,41870,1819,4325,3394,593.05,PO-7600174,BOL810446,PRO3473761,Y,,,,2026-07-04 00:00:00
175,MF-10175,Delivered,55,28,Salt Lake City,UT,84104,Boise,ID,83702,2026-08-03,2026-08-05,Van,Auto parts,17691,1888,1720,1579,212.49,PO-7800175,BOL370413,,N,,,,2026-07-05 00:00:00
176,MF-10176,Dispatched,56,94,St. Louis,MO,63102,Kansas City,MO,64120,2026-08-25,2026-08-29,Reefer,Freshline dairy,35498,410,4621,4057,641.20,PO-6600176,BOL256911,,N,,Carlos Okafor,555-669-1202,2026-07-06 00:00:00
177,MF-10177,In Transit,57,143,Baltimore,MD,21224,Philadelphia,PA,19148,2026-08-25,2026-08-30,Van,Steel coils,39001,256,2968,2587,407.22,PO-5100177,BOL388792,PRO7739741,N,,Elena Ali,555-620-5327,2026-07-07 00:00:00
178,MF-10178,Delivered,58,7,Chicago,IL,60608,Dallas,TX,75212,2026-05-29,2026-05-31,Flatbed,Beverages,27861,816,2925,2289,473.09,PO-5700178,BOL983788,PRO2647814,Y,,,,2026-07-08 00:00:00
179,MF-10179,Cancelled,59,139,Chicago,IL,60608,Dallas,TX,75212,2026-08-08,2026-08-11,Reefer,Freshline dairy,20316,1084,4385,3676,633.88,PO-5300179,BOL963994,PRO9127895,N,,,,2026-07-09 00:00:00
180,MF-10180,Dispatched,60,145,Los Angeles,CA,90021,Phoenix,AZ,85043,2026-08-26,2026-08-31,Van,Frozen food,9897,535,4596,4132,771.82,PO-5200180,BOL973390,,N,,Mei Okafor,555-613-3222,2026-07-10 00:00:00
181,MF-10181,Delivered,61,51,Atlanta,GA,30318,Miami,FL,33142,2026-06-28,2026-06-29,Flatbed,Paper rolls,16118,1575,4773,4033,571.30,PO-4100181,BOL353690,PRO8484373,Y,,,,2026-07-11 00:00:00
182,MF-10182,Delivered,62,48,Kansas City,MO,64120,Denver,CO,80216,2026-06-11,2026-06-16,Reefer,Freshline dairy,11253,513,4221,3345,349.27,PO-7600182,BOL917711,PRO4713654,Y,,,,2026-07-12 00:00:00
183,MF-10183,In Transit,63,86,Memphis,TN,38118,Houston,TX,77029,2026-08-22,2026-08-26,Van,Dry grocery,28018,1639,3862,3445,395.38,PO-8500183,BOL773962,,N,,Nia Brooks,555-862-3837,2026-07-13 00:00:00
184,MF-10184,Available,64,,Indianapolis,IN,46225,Columbus,OH,43215,2026-08-19,2026-08-22,Van,Beverages,34027,1377,2637,,389.54,PO-4600184,BOL107704,PRO7278533,N,,,,2026-07-14 00:00:00
185,MF-10185,In Transit,65,77,Seattle,WA,98134,Portland,OR,97210,2026-08-22,2026-08-23,Van,Retail freight,27581,565,4087,3594,691.67,PO-4900185,BOL642421,PRO1952520,N,,Carlos Johnson,555-483-5278,2026-07-15 00:00:00
186,MF-10186,Covered,66,124,Detroit,MI,48209,Cleveland,OH,44113,2026-08-16,2026-08-19,Van,Dry grocery,35431,1008,4084,3469,447.44,PO-6400186,BOL872519,,N,,,,2026-07-16 00:00:00
187,MF-10187,Dispatched,67,124,Louisville,KY,40210,Nashville,TN,37210,2026-08-21,2026-08-23,Flatbed,Beverages,14396,1144,4093,3694,401.58,PO-4800187,BOL876909,,N,,Hannah Okafor,555-507-3785,2026-07-17 00:00:00
188,MF-10188,Covered,68,118,Detroit,MI,48209,Cleveland,OH,44113,2026-08-16,2026-08-19,Van,Paper rolls,35556,1794,2855,2316,477.19,PO-6100188,BOL489737,,N,,,,2026-07-18 00:00:00
189,MF-10189,Delivered,69,114,Detroit,MI,48209,Cleveland,OH,44113,2026-06-26,2026-06-27,Flatbed,Electronics,15852,1956,1691,1430,168.18,PO-8300189,BOL500209,PRO7930789,Y,,,,2026-07-19 00:00:00
190,MF-10190,Delivered,70,47,Chicago,IL,60608,Newark,NJ,07105,2026-08-08,2026-08-10,Reefer,Freshline dairy,29799,1472,4331,3487,381.48,PO-5100190,BOL428638,PRO1079079,Y,,,,2026-07-20 00:00:00
191,MF-10191,Delivered,71,141,Houston,TX,77029,Los Angeles,CA,90021,2026-08-04,2026-08-09,Van,Beverages,36141,1006,4593,3639,649.67,PO-6700191,BOL600590,PRO1632925,Y,,,,2026-07-21 00:00:00
192,MF-10192,In Transit,72,140,Charlotte,NC,28208,Jacksonville,FL,32218,2026-08-26,2026-08-29,Flatbed,Paper rolls,16449,390,2326,2040,266.18,PO-6400192,BOL627786,PRO3802133,N,,James Okoye,555-841-5076,2026-07-22 00:00:00
193,MF-10193,Delivered,73,72,Phoenix,AZ,85043,Denver,CO,80216,2026-07-18,2026-07-21,Flatbed,Lumber,16768,881,2783,2339,413.77,PO-7100193,BOL476701,PRO3766286,Y,,,,2026-07-23 00:00:00
194,MF-10194,Available,74,,Baltimore,MD,21224,Philadelphia,PA,19148,2026-08-26,2026-08-28,Van,Auto parts,41071,526,2265,,347.47,PO-4700194,BOL484398,PRO1626854,N,,,,2026-07-24 00:00:00
195,MF-10195,Delivered,75,7,Baltimore,MD,21224,Philadelphia,PA,19148,2026-06-18,2026-06-23,Flatbed,Dry grocery,15588,1033,4077,3657,345.83,PO-6800195,BOL498724,,Y,,,,2026-07-25 00:00:00
196,MF-10196,Delivered,76,39,Baltimore,MD,21224,Philadelphia,PA,19148,2026-07-30,2026-07-31,Reefer,Frozen food,35448,1881,2505,2172,375.93,PO-4600196,BOL636435,PRO2975258,Y,,,,2026-07-26 00:00:00
197,MF-10197,Delivered,77,107,Baltimore,MD,21224,Philadelphia,PA,19148,2026-06-23,2026-06-25,Van,Steel coils,18510,260,2226,1847,269.29,PO-7500197,BOL620465,PRO9064202,Y,,,,2026-07-27 00:00:00
198,MF-10198,Delivered,78,15,Salt Lake City,UT,84104,Boise,ID,83702,2026-08-24,2026-08-25,Flatbed,Beverages,14638,2032,1768,1571,154.71,PO-5600198,BOL775636,,Y,,,,2026-07-28 00:00:00
199,MF-10199,Cancelled,79,7,Atlanta,GA,30318,Miami,FL,33142,2026-07-23,2026-07-27,Van,Auto parts,28493,1052,1561,1403,181.11,PO-8700199,BOL221531,,N,,,,2026-07-29 00:00:00
200,MF-10200,Dispatched,80,119,Chicago,IL,60608,Dallas,TX,75212,2026-08-26,2026-08-28,Flatbed,Auto parts,19984,413,4402,3490,710.91,PO-6500200,BOL519692,PRO5560602,N,,Omar Ali,555-648-5395,2026-07-30 00:00:00
201,MF-10201,Covered,81,118,Memphis,TN,38118,Houston,TX,77029,2026-08-14,2026-08-18,Van,Frozen food,18446,392,1942,1704,166.75,PO-6600201,BOL719446,PRO8351152,N,,,,2026-07-31 00:00:00
202,MF-10202,Delivered,82,4,Kansas City,MO,64120,Denver,CO,80216,2026-07-11,2026-07-16,Flatbed,Auto parts,11012,309,3399,2704,411.72,PO-5600202,BOL786789,,Y,,,,2026-08-01 00:00:00
203,MF-10203,Dispatched,83,87,Memphis,TN,38118,Houston,TX,77029,2026-08-16,2026-08-19,Flatbed,Electronics,33223,484,3373,2794,497.95,PO-7500203,BOL742686,,N,,Priya Chen,555-877-5072,2026-08-02 00:00:00
204,MF-10204,In Transit,84,81,Kansas City,MO,64120,Denver,CO,80216,2026-08-18,2026-08-22,Van,Frozen food,32814,1005,2539,1998,259.67,PO-5500204,BOL182659,PRO8517846,N,,Nia Johnson,555-446-6421,2026-08-03 00:00:00
205,MF-10205,Delivered,85,16,Louisville,KY,40210,Nashville,TN,37210,2026-06-29,2026-07-02,Reefer,Frozen food,13956,1801,1546,1326,123.71,PO-7800205,BOL749137,PRO9528492,Y,,,,2026-08-04 00:00:00
206,MF-10206,In Transit,86,7,Detroit,MI,48209,Cleveland,OH,44113,2026-08-21,2026-08-24,Van,Beverages,15472,379,4335,3780,657.15,PO-8800206,BOL790917,,N,,Omar Bennett,555-834-8751,2026-08-05 00:00:00
207,MF-10207,Delivered,87,52,Detroit,MI,48209,Cleveland,OH,44113,2026-06-16,2026-06-21,Flatbed,Frozen food,34818,399,2072,1759,336.04,PO-5600207,BOL740524,,N,,,,2026-08-06 00:00:00
208,MF-10208,Delivered,88,144,Chicago,IL,60608,Newark,NJ,07105,2026-07-29,2026-08-02,Van,Retail freight,16075,1761,3097,2435,443.87,PO-6800208,BOL579605,PRO9459031,Y,,,,2026-08-07 00:00:00
209,MF-10209,Delivered,89,138,Houston,TX,77029,Los Angeles,CA,90021,2026-08-25,2026-08-30,Van,Lumber,19613,1596,3796,3217,496.64,PO-7700209,BOL282085,PRO3153888,Y,,,,2026-08-08 00:00:00
210,MF-10210,Delivered,90,59,Houston,TX,77029,Los Angeles,CA,90021,2026-06-22,2026-06-26,Flatbed,Paper rolls,16740,462,2804,2568,351.30,PO-6600210,BOL731792,PRO9594877,Y,,,,2026-08-09 00:00:00
211,MF-10211,Delivered,91,26,Phoenix,AZ,85043,Denver,CO,80216,2026-06-16,2026-06-18,Van,Electronics,19653,1211,4212,3488,620.16,PO-7400211,BOL828038,PRO2936178,Y,,,,2026-08-10 00:00:00
212,MF-10212,Dispatched,92,120,Minneapolis,MN,55401,Chicago,IL,60608,2026-08-17,2026-08-22,Flatbed,Plastic resin,11477,1552,3541,2814,418.15,PO-4300212,BOL309612,,N,,Elena Kim,555-632-1209,2026-08-11 00:00:00
213,MF-10213,Dispatched,93,19,Minneapolis,MN,55401,Chicago,IL,60608,2026-08-16,2026-08-19,Van,Steel coils,22700,1700,4734,3992,670.39,PO-8100213,BOL688534,PRO9571853,N,,Ryan Bennett,555-233-6876,2026-08-12 00:00:00
214,MF-10214,Dispatched,94,53,St. Louis,MO,63102,Kansas City,MO,64120,2026-08-15,2026-08-16,Reefer,Beverages,37036,1879,4446,3624,631.58,PO-5400214,BOL764575,PRO7169672,N,,Omar Bennett,555-255-1212,2026-08-13 00:00:00
215,MF-10215,Dispatched,95,38,St. Louis,MO,63102,Kansas City,MO,64120,2026-08-14,2026-08-16,Reefer,Beverages,25317,446,1888,1572,231.94,PO-5000215,BOL712353,PRO1094709,N,,Darnell Kowalski,555-377-9418,2026-08-14 00:00:00
216,MF-10216,Delivered,96,45,Baltimore,MD,21224,Philadelphia,PA,19148,2026-08-20,2026-08-22,Flatbed,Dry grocery,40148,1797,3961,3430,579.05,PO-7600216,BOL676884,PRO6332789,Y,,,,2026-08-15 00:00:00
217,MF-10217,In Transit,97,144,Salt Lake City,UT,84104,Boise,ID,83702,2026-08-18,2026-08-19,Flatbed,Auto parts,29750,858,1776,1472,298.97,PO-6300217,BOL407835,,N,,Sofia Bennett,555-749-7609,2026-08-16 00:00:00
218,MF-10218,Dispatched,98,15,Atlanta,GA,30318,Miami,FL,33142,2026-08-18,2026-08-19,Flatbed,Retail freight,15430,970,1563,1368,175.20,PO-5600218,BOL666479,PRO1414493,N,,Tyler Walsh,555-857-4994,2026-08-17 00:00:00
219,MF-10219,Available,99,,Atlanta,GA,30318,Miami,FL,33142,2026-08-18,2026-08-23,Reefer,Frozen food,20616,836,2614,,443.93,PO-7200219,BOL186345,PRO3808418,N,,,,2026-08-18 00:00:00
220,MF-10220,Cancelled,100,27,Chicago,IL,60608,Dallas,TX,75212,2026-06-06,2026-06-07,Flatbed,Paper rolls,43242,1877,4207,3531,380.28,PO-8400220,BOL877388,PRO2209981,N,,,,2026-05-01 00:00:00
221,MF-10221,Dispatched,101,130,Los Angeles,CA,90021,Phoenix,AZ,85043,2026-08-26,2026-08-30,Reefer,Frozen food,24950,1014,3685,2910,597.57,PO-6400221,BOL573039,PRO8264954,N,,Darnell Patel,555-382-5127,2026-05-02 00:00:00
222,MF-10222,Delivered,102,91,Kansas City,MO,64120,Denver,CO,80216,2026-05-31,2026-06-01,Van,Electronics,12757,912,4455,3840,668.64,PO-7200222,BOL211291,,N,,,,2026-05-03 00:00:00
223,MF-10223,In Transit,103,53,Newark,NJ,07105,Charlotte,NC,28208,2026-08-22,2026-08-26,Reefer,Freshline dairy,43764,784,4458,3721,712.16,PO-8000223,BOL251074,,N,,Keisha Bennett,555-425-3234,2026-05-04 00:00:00
224,MF-10224,Available,104,,Indianapolis,IN,46225,Columbus,OH,43215,2026-08-26,2026-08-31,Flatbed,Auto parts,33826,1280,1904,,160.27,PO-7500224,BOL189261,,N,,,,2026-05-05 00:00:00
225,MF-10225,Dispatched,105,115,Seattle,WA,98134,Portland,OR,97210,2026-08-23,2026-08-27,Flatbed,Auto parts,11564,1923,2195,1747,322.88,PO-8800225,BOL675512,PRO2227162,N,,Keisha Kowalski,555-426-5140,2026-05-06 00:00:00
226,MF-10226,Delivered,106,26,Indianapolis,IN,46225,Columbus,OH,43215,2026-07-24,2026-07-25,Flatbed,Electronics,23370,384,2755,2286,405.34,PO-5800226,BOL749609,,Y,,,,2026-05-07 00:00:00
227,MF-10227,Delivered,107,109,Dallas,TX,75212,Atlanta,GA,30318,2026-06-29,2026-07-02,Flatbed,Steel coils,28731,1057,2024,1738,235.69,PO-5000227,BOL105066,,Y,,,,2026-05-08 00:00:00
228,MF-10228,Dispatched,108,18,Chicago,IL,60608,Newark,NJ,07105,2026-08-22,2026-08-25,Flatbed,Retail freight,19519,1502,4573,3762,618.12,PO-7800228,BOL185955,PRO3348838,N,,Nia Wright,555-656-6877,2026-05-09 00:00:00
229,MF-10229,Available,109,,Dallas,TX,75212,Atlanta,GA,30318,2026-08-22,2026-08-23,Flatbed,Frozen food,10044,1844,1476,,243.48,PO-7700229,BOL707021,PRO4569531,N,,,,2026-05-10 00:00:00
230,MF-10230,Available,110,,Houston,TX,77029,Los Angeles,CA,90021,2026-08-18,2026-08-23,Reefer,Freshline dairy,27070,454,3007,,307.71,PO-6900230,BOL625465,PRO7656950,N,,,,2026-05-11 00:00:00
231,MF-10231,Delivered,111,109,Chicago,IL,60608,Newark,NJ,07105,2026-06-02,2026-06-04,Flatbed,Auto parts,17581,1687,1974,1663,193.28,PO-8600231,BOL606990,PRO1678132,Y,,,,2026-05-12 00:00:00
232,MF-10232,Delivered,112,34,Minneapolis,MN,55401,Chicago,IL,60608,2026-07-27,2026-07-28,Reefer,Frozen food,38780,2059,3521,3193,408.88,PO-6900232,BOL148693,,Y,,,,2026-05-13 00:00:00
233,MF-10233,In Transit,113,114,Phoenix,AZ,85043,Denver,CO,80216,2026-08-15,2026-08-20,Reefer,Beverages,13101,1238,4077,3396,565.76,PO-5600233,BOL494609,PRO4739628,N,,Elena Shah,555-378-7171,2026-05-14 00:00:00
234,MF-10234,In Transit,114,145,St. Louis,MO,63102,Kansas City,MO,64120,2026-08-21,2026-08-25,Reefer,Frozen food,21861,487,2342,1852,338.06,PO-5100234,BOL265001,PRO2985251,N,,Brett Brooks,555-650-3713,2026-05-15 00:00:00
235,MF-10235,In Transit,115,134,Salt Lake City,UT,84104,Boise,ID,83702,2026-08-14,2026-08-17,Van,Beverages,10827,441,4051,3632,333.17,PO-7600235,BOL721121,,N,,Nia Diaz,555-415-3641,2026-05-16 00:00:00
236,MF-10236,In Transit,116,8,St. Louis,MO,63102,Kansas City,MO,64120,2026-08-17,2026-08-19,Van,Steel coils,13619,623,4347,3833,704.78,PO-6800236,BOL735988,PRO9081054,N,,Keisha Okafor,555-615-1305,2026-05-17 00:00:00
237,MF-10237,Delivered,117,145,Chicago,IL,60608,Dallas,TX,75212,2026-06-10,2026-06-12,Flatbed,Auto parts,30457,2068,3492,2853,532.25,PO-6900237,BOL725510,PRO4855635,Y,,,,2026-05-18 00:00:00
238,MF-10238,Delivered,118,26,El Paso,TX,79901,Albuquerque,NM,87102,2026-08-12,2026-08-13,Flatbed,Lumber,39186,2026,4785,3832,428.88,PO-7900238,BOL728950,,Y,,,,2026-05-19 00:00:00
239,MF-10239,Dispatched,119,119,El Paso,TX,79901,Albuquerque,NM,87102,2026-08-25,2026-08-29,Van,Electronics,42722,1058,3538,2968,592.55,PO-5400239,BOL941272,PRO7396087,N,,Elena Okoye,555-894-8069,2026-05-20 00:00:00
240,MF-10240,Delivered,120,33,Chicago,IL,60608,Dallas,TX,75212,2026-07-02,2026-07-04,Reefer,Frozen food,8466,1363,3627,3036,358.72,PO-7300240,BOL223552,PRO7291957,Y,,,,2026-05-21 00:00:00
241,MF-10241,In Transit,1,14,Newark,NJ,07105,Charlotte,NC,28208,2026-08-20,2026-08-23,Van,Plastic resin,34047,1726,3134,2692,442.48,PO-5300241,BOL533301,PRO9094465,N,,Jamal Hernandez,555-467-9783,2026-05-22 00:00:00
242,MF-10242,Delivered,2,97,Kansas City,MO,64120,Denver,CO,80216,2026-07-24,2026-07-27,Reefer,Beverages,18603,385,4100,3266,422.21,PO-5300242,BOL633036,PRO6678044,Y,,,,2026-05-23 00:00:00
243,MF-10243,Covered,3,114,Newark,NJ,07105,Charlotte,NC,28208,2026-08-24,2026-08-28,Van,Frozen food,36532,360,4772,3819,823.58,PO-4400243,BOL375871,,N,,,,2026-05-24 00:00:00
244,MF-10244,Delivered,4,109,Memphis,TN,38118,Houston,TX,77029,2026-07-07,2026-07-11,Flatbed,Lumber,19486,1491,3847,3031,605.37,PO-7100244,BOL560295,,Y,,,,2026-05-25 00:00:00
245,MF-10245,Covered,5,144,Seattle,WA,98134,Portland,OR,97210,2026-08-23,2026-08-24,Flatbed,Lumber,10363,916,3512,3082,497.01,PO-5500245,BOL786837,,N,,,,2026-05-26 00:00:00
246,MF-10246,Delivered,6,120,Louisville,KY,40210,Nashville,TN,37210,2026-07-05,2026-07-08,Reefer,Beverages,13909,1305,1462,1291,126.99,PO-5800246,BOL861411,PRO6840069,Y,,,,2026-05-27 00:00:00
247,MF-10247,Delivered,7,25,Detroit,MI,48209,Cleveland,OH,44113,2026-07-28,2026-08-02,Reefer,Beverages,12743,1210,2116,1771,191.81,PO-5800247,BOL456480,PRO9611521,N,,,,2026-05-28 00:00:00
248,MF-10248,Cancelled,8,53,Dallas,TX,75212,Atlanta,GA,30318,2026-05-29,2026-06-02,Flatbed,Beverages,38071,1575,4553,3706,518.89,PO-6900248,BOL715332,PRO9086117,N,,,,2026-05-29 00:00:00
249,MF-10249,Delivered,9,121,Detroit,MI,48209,Cleveland,OH,44113,2026-07-08,2026-07-10,Flatbed,Paper rolls,8637,1615,3089,2822,406.67,PO-5600249,BOL360316,,Y,,,,2026-05-30 00:00:00
250,MF-10250,Delivered,10,23,Houston,TX,77029,Los Angeles,CA,90021,2026-08-16,2026-08-21,Reefer,Freshline dairy,20462,1201,3749,3065,654.99,PO-8700250,BOL309365,,Y,,,,2026-05-31 00:00:00
251,MF-10251,Delivered,11,26,Phoenix,AZ,85043,Denver,CO,80216,2026-07-30,2026-08-01,Van,Electronics,40287,1437,4590,3648,789.57,PO-4000251,BOL901368,PRO1709057,Y,,,,2026-06-01 00:00:00
252,MF-10252,Covered,12,81,Charlotte,NC,28208,Jacksonville,FL,32218,2026-08-17,2026-08-20,Flatbed,Steel coils,41497,753,3410,2747,533.41,PO-6500252,BOL332881,PRO3151610,N,,,,2026-06-02 00:00:00
253,MF-10253,Delivered,13,5,St. Louis,MO,63102,Kansas City,MO,64120,2026-06-25,2026-06-30,Flatbed,Retail freight,15888,1610,4211,3742,529.41,PO-7300253,BOL582418,,Y,,,,2026-06-03 00:00:00
254,MF-10254,Delivered,14,13,Minneapolis,MN,55401,Chicago,IL,60608,2026-07-08,2026-07-13,Reefer,Beverages,38890,1435,2166,1855,224.64,PO-6100254,BOL483699,,Y,,,,2026-06-04 00:00:00
255,MF-10255,Delivered,15,51,Salt Lake City,UT,84104,Boise,ID,83702,2026-05-28,2026-05-31,Reefer,Freshline dairy,14545,1656,1937,1776,287.84,PO-5700255,BOL943146,,Y,,,,2026-06-05 00:00:00
256,MF-10256,Delivered,16,138,El Paso,TX,79901,Albuquerque,NM,87102,2026-07-31,2026-08-02,Van,Beverages,41882,1273,2123,1781,198.39,PO-8600256,BOL431064,PRO6033738,Y,,,,2026-06-06 00:00:00
257,MF-10257,Delivered,17,125,Baltimore,MD,21224,Philadelphia,PA,19148,2026-07-06,2026-07-07,Van,Dry grocery,37481,1704,2441,2066,349.03,PO-6100257,BOL372387,PRO5323737,Y,,,,2026-06-07 00:00:00
258,MF-10258,Delivered,18,121,Atlanta,GA,30318,Miami,FL,33142,2026-08-10,2026-08-13,Flatbed,Paper rolls,26652,907,4061,3536,395.76,PO-6000258,BOL805893,PRO8498243,Y,,,,2026-06-08 00:00:00
259,MF-10259,Available,19,,Los Angeles,CA,90021,Phoenix,AZ,85043,2026-08-17,2026-08-20,Reefer,Frozen food,30111,1043,4023,,646.78,PO-8000259,BOL742053,PRO2196955,N,,,,2026-06-09 00:00:00
260,MF-10260,Delivered,20,44,Los Angeles,CA,90021,Phoenix,AZ,85043,2026-07-27,2026-07-30,Flatbed,Steel coils,37156,1779,3879,3375,415.54,PO-6300260,BOL884225,PRO8554590,Y,,,,2026-06-10 00:00:00
261,MF-10261,Delivered,21,136,Los Angeles,CA,90021,Phoenix,AZ,85043,2026-08-23,2026-08-25,Van,Steel coils,34020,390,4270,3778,431.51,PO-4600261,BOL166891,PRO8938740,Y,,,,2026-06-11 00:00:00
262,MF-10262,In Transit,22,89,Los Angeles,CA,90021,Phoenix,AZ,85043,2026-08-14,2026-08-18,Van,Frozen food,23031,686,4082,3716,485.70,PO-8700262,BOL397979,PRO3120836,N,,Carlos Cole,555-359-2381,2026-06-12 00:00:00
263,MF-10263,Delivered,23,119,Memphis,TN,38118,Houston,TX,77029,2026-08-22,2026-08-23,Reefer,Freshline dairy,16854,1608,3614,3291,487.36,PO-7400263,BOL285636,PRO8659527,Y,,,,2026-06-13 00:00:00
264,MF-10264,In Transit,24,42,Seattle,WA,98134,Portland,OR,97210,2026-08-18,2026-08-23,Reefer,Beverages,8691,180,2898,2427,276.97,PO-7300264,BOL954987,PRO3286742,N,,Anika Nguyen,555-652-6044,2026-06-14 00:00:00
265,MF-10265,Delivered,25,125,Louisville,KY,40210,Nashville,TN,37210,2026-06-18,2026-06-19,Reefer,Freshline dairy,8473,1302,3163,2820,441.87,PO-6300265,BOL297731,PRO8333427,N,,,,2026-06-15 00:00:00
266,MF-10266,Delivered,26,53,Seattle,WA,98134,Portland,OR,97210,2026-06-04,2026-06-08,Van,Steel coils,25816,763,3961,3222,619.71,PO-8100266,BOL879015,PRO5510085,N,,,,2026-06-16 00:00:00
267,MF-10267,Delivered,27,38,Seattle,WA,98134,Portland,OR,97210,2026-08-02,2026-08-04,Van,Beverages,29013,219,2514,2207,324.81,PO-4900267,BOL152042,PRO1371294,Y,,,,2026-06-17 00:00:00
268,MF-10268,Delivered,28,17,Louisville,KY,40210,Nashville,TN,37210,2026-07-20,2026-07-23,Flatbed,Beverages,22233,880,2353,1865,191.70,PO-6600268,BOL426711,PRO9361693,Y,,,,2026-06-18 00:00:00
269,MF-10269,Cancelled,29,46,Houston,TX,77029,Los Angeles,CA,90021,2026-05-28,2026-05-29,Van,Auto parts,43598,1142,1629,1331,194.25,PO-5100269,BOL301528,PRO5195637,N,,,,2026-06-19 00:00:00
270,MF-10270,Covered,30,54,Dallas,TX,75212,Atlanta,GA,30318,2026-08-25,2026-08-27,Reefer,Beverages,14157,1247,1537,1241,235.98,PO-8200270,BOL318572,PRO6236326,N,,,,2026-06-20 00:00:00
271,MF-10271,Available,31,,Houston,TX,77029,Los Angeles,CA,90021,2026-08-16,2026-08-17,Flatbed,Lumber,39537,1487,3533,,325.79,PO-5900271,BOL308376,PRO1873883,N,,,,2026-06-21 00:00:00
272,MF-10272,Covered,32,114,Phoenix,AZ,85043,Denver,CO,80216,2026-08-25,2026-08-27,Reefer,Frozen food,33939,1796,2085,1858,288.71,PO-5500272,BOL109363,PRO8973718,N,,,,2026-06-22 00:00:00
273,MF-10273,In Transit,33,32,Charlotte,NC,28208,Jacksonville,FL,32218,2026-08-21,2026-08-22,Van,Beverages,43150,1800,1644,1364,156.82,PO-4600273,BOL231939,PRO6314007,N,,Darnell Cole,555-546-1983,2026-06-23 00:00:00
274,MF-10274,Cancelled,34,3,St. Louis,MO,63102,Kansas City,MO,64120,2026-06-30,2026-07-02,Flatbed,Plastic resin,10587,1173,2867,2527,301.23,PO-8500274,BOL558752,PRO9222379,N,,,,2026-06-24 00:00:00
275,MF-10275,Delivered,35,45,St. Louis,MO,63102,Kansas City,MO,64120,2026-06-17,2026-06-20,Flatbed,Beverages,12513,1267,3852,3497,521.76,PO-4900275,BOL571213,,Y,,,,2026-06-25 00:00:00
276,MF-10276,Delivered,36,143,Salt Lake City,UT,84104,Boise,ID,83702,2026-06-28,2026-06-29,Flatbed,Lumber,31860,1769,2159,1950,306.52,PO-7900276,BOL350385,,Y,,,,2026-06-26 00:00:00
277,MF-10277,Delivered,37,124,Chicago,IL,60608,Dallas,TX,75212,2026-08-01,2026-08-06,Reefer,Frozen food,14308,1251,2721,2278,305.30,PO-8200277,BOL169918,,Y,,,,2026-06-27 00:00:00
278,MF-10278,Available,38,,El Paso,TX,79901,Albuquerque,NM,87102,2026-08-26,2026-08-28,Van,Beverages,33467,1527,2184,,196.29,PO-7100278,BOL651363,PRO5293936,N,,,,2026-06-28 00:00:00
279,MF-10279,Delivered,39,2,Chicago,IL,60608,Dallas,TX,75212,2026-06-09,2026-06-10,Van,Beverages,31653,1322,1727,1460,248.50,PO-8700279,BOL536158,PRO1978112,Y,,,,2026-06-29 00:00:00
280,MF-10280,Covered,40,136,Los Angeles,CA,90021,Phoenix,AZ,85043,2026-08-18,2026-08-19,Van,Steel coils,14364,387,1719,1568,302.64,PO-8600280,BOL342239,PRO4178618,N,,,,2026-06-30 00:00:00
281,MF-10281,Delivered,41,94,Los Angeles,CA,90021,Phoenix,AZ,85043,2026-06-14,2026-06-16,Flatbed,Lumber,38062,1618,1832,1625,252.19,PO-8200281,BOL547820,PRO3798595,Y,,,,2026-07-01 00:00:00
282,MF-10282,Dispatched,42,119,Kansas City,MO,64120,Denver,CO,80216,2026-08-18,2026-08-21,Van,Lumber,32361,1024,3653,3356,410.84,PO-8800282,BOL764001,PRO6426605,N,,Kate Wright,555-560-6163,2026-07-02 00:00:00
283,MF-10283,In Transit,43,139,Memphis,TN,38118,Houston,TX,77029,2026-08-20,2026-08-25,Reefer,Freshline dairy,27781,193,2565,2214,337.97,PO-5900283,BOL332665,,N,,Tyler Murphy,555-200-1567,2026-07-03 00:00:00
284,MF-10284,Delivered,44,94,Indianapolis,IN,46225,Columbus,OH,43215,2026-06-16,2026-06-21,Flatbed,Electronics,25366,931,1554,1312,148.58,PO-7700284,BOL361993,,Y,,,,2026-07-04 00:00:00
285,MF-10285,Covered,45,95,Kansas City,MO,64120,Denver,CO,80216,2026-08-17,2026-08-21,Van,Frozen food,39999,1871,4363,3601,559.57,PO-8400285,BOL836989,PRO2599943,N,,,,2026-07-05 00:00:00
286,MF-10286,In Transit,46,53,Louisville,KY,40210,Nashville,TN,37210,2026-08-26,2026-08-31,Van,Dry grocery,8749,1478,1893,1707,194.36,PO-8900286,BOL762903,PRO6113416,N,,Omar Ali,555-644-7824,2026-07-06 00:00:00
287,MF-10287,In Transit,47,20,Detroit,MI,48209,Cleveland,OH,44113,2026-08-18,2026-08-23,Reefer,Beverages,13903,634,3225,2855,443.52,PO-6700287,BOL403859,PRO3483236,N,,Anika Brooks,555-251-7436,2026-07-07 00:00:00
288,MF-10288,Delivered,48,139,Louisville,KY,40210,Nashville,TN,37210,2026-06-26,2026-07-01,Van,Lumber,16544,1740,1748,1460,215.79,PO-4800288,BOL604283,PRO9184951,Y,,,,2026-07-08 00:00:00
289,MF-10289,Delivered,49,138,Dallas,TX,75212,Atlanta,GA,30318,2026-06-15,2026-06-20,Flatbed,Paper rolls,13871,410,2490,2212,279.73,PO-8200289,BOL533672,PRO6843636,Y,,,,2026-07-09 00:00:00
290,MF-10290,Delivered,50,142,Houston,TX,77029,Los Angeles,CA,90021,2026-06-10,2026-06-11,Reefer,Freshline dairy,10941,2072,4688,3946,443.40,PO-5400290,BOL309385,PRO3617098,Y,,,,2026-07-10 00:00:00
291,MF-10291,Dispatched,51,32,Chicago,IL,60608,Newark,NJ,07105,2026-08-25,2026-08-26,Flatbed,Auto parts,21697,1695,2649,2233,217.95,PO-7400291,BOL322167,,N,,Mei Okoye,555-551-2823,2026-07-11 00:00:00
292,MF-10292,In Transit,52,112,Charlotte,NC,28208,Jacksonville,FL,32218,2026-08-18,2026-08-22,Flatbed,Auto parts,21152,1796,1578,1287,135.73,PO-8400292,BOL747983,,N,,James Murphy,555-796-9631,2026-07-12 00:00:00
293,MF-10293,Delivered,53,119,Phoenix,AZ,85043,Denver,CO,80216,2026-08-17,2026-08-21,Reefer,Frozen food,41327,1633,4059,3385,722.42,PO-4600293,BOL430779,PRO9918107,N,,,,2026-07-13 00:00:00
294,MF-10294,Delivered,54,94,Minneapolis,MN,55401,Chicago,IL,60608,2026-06-22,2026-06-26,Flatbed,Dry grocery,18289,217,3568,2935,460.25,PO-6200294,BOL817552,PRO6072192,N,,,,2026-07-14 00:00:00
295,MF-10295,Delivered,55,54,Baltimore,MD,21224,Philadelphia,PA,19148,2026-08-18,2026-08-21,Van,Lumber,16995,359,2323,1861,394.25,PO-8600295,BOL500773,PRO4815608,Y,,,,2026-07-15 00:00:00
296,MF-10296,Delivered,56,107,Baltimore,MD,21224,Philadelphia,PA,19148,2026-07-02,2026-07-05,Reefer,Beverages,21258,1946,4072,3255,546.20,PO-4800296,BOL424008,PRO9787997,Y,,,,2026-07-16 00:00:00
297,MF-10297,Available,57,,Chicago,IL,60608,Dallas,TX,75212,2026-08-14,2026-08-16,Flatbed,Electronics,42928,1653,2047,,228.75,PO-4700297,BOL293079,,N,,,,2026-07-17 00:00:00
298,MF-10298,Covered,58,58,Salt Lake City,UT,84104,Boise,ID,83702,2026-08-14,2026-08-17,Reefer,Freshline dairy,25943,491,4454,4056,754.57,PO-8900298,BOL297062,,N,,,,2026-07-18 00:00:00
299,MF-10299,Delivered,59,109,Atlanta,GA,30318,Miami,FL,33142,2026-06-09,2026-06-14,Van,Electronics,39234,454,4215,3303,370.70,PO-7200299,BOL987240,PRO7273997,Y,,,,2026-07-19 00:00:00
300,MF-10300,Delivered,60,18,Newark,NJ,07105,Charlotte,NC,28208,2026-06-24,2026-06-28,Van,Paper rolls,25685,1025,3073,2725,250.45,PO-5400300,BOL878427,PRO4402982,Y,,,,2026-07-20 00:00:00
301,MF-10301,Dispatched,61,109,Atlanta,GA,30318,Miami,FL,33142,2026-08-24,2026-08-28,Reefer,Freshline dairy,28506,987,3890,3434,459.17,PO-7900301,BOL878533,PRO9995261,N,,Anika Chen,555-614-1685,2026-07-21 00:00:00
302,MF-10302,In Transit,62,68,Los Angeles,CA,90021,Phoenix,AZ,85043,2026-08-18,2026-08-19,Reefer,Frozen food,11230,568,3684,3073,576.60,PO-5800302,BOL560905,PRO6109570,N,,Brett Bennett,555-605-1643,2026-07-22 00:00:00
303,MF-10303,Dispatched,63,61,Kansas City,MO,64120,Denver,CO,80216,2026-08-19,2026-08-21,Reefer,Frozen food,43809,457,1770,1559,161.63,PO-6500303,BOL533648,,N,,Brett Brooks,555-674-8400,2026-07-23 00:00:00
304,MF-10304,Delivered,64,72,Seattle,WA,98134,Portland,OR,97210,2026-06-11,2026-06-13,Van,Steel coils,16096,366,4056,3678,647.53,PO-4700304,BOL840532,PRO7089179,Y,,,,2026-07-24 00:00:00
305,MF-10305,Delivered,65,21,Louisville,KY,40210,Nashville,TN,37210,2026-06-21,2026-06-26,Reefer,Freshline dairy,17836,512,2099,1905,286.62,PO-4900305,BOL287555,PRO1860847,N,,,,2026-07-25 00:00:00
306,MF-10306,Delivered,66,113,Louisville,KY,40210,Nashville,TN,37210,2026-06-29,2026-07-02,Van,Frozen food,8800,1119,2230,1740,349.08,PO-7100306,BOL996963,PRO1096478,Y,,,,2026-07-26 00:00:00
307,MF-10307,In Transit,67,101,Dallas,TX,75212,Atlanta,GA,30318,2026-08-23,2026-08-25,Flatbed,Beverages,43870,749,3862,3336,403.47,PO-7900307,BOL759172,PRO4483580,N,,Tyler Chen,555-652-2300,2026-07-27 00:00:00
308,MF-10308,Delivered,68,5,Detroit,MI,48209,Cleveland,OH,44113,2026-08-18,2026-08-21,Van,Dry grocery,11213,403,3871,3181,665.96,PO-6600308,BOL286906,,Y,,,,2026-07-28 00:00:00
309,MF-10309,Delivered,69,51,Dallas,TX,75212,Atlanta,GA,30318,2026-06-28,2026-07-03,Van,Frozen food,12434,1733,2722,2263,320.91,PO-6700309,BOL984274,PRO5912917,Y,,,,2026-07-29 00:00:00
310,MF-10310,Delivered,70,46,Dallas,TX,75212,Atlanta,GA,30318,2026-05-29,2026-06-01,Flatbed,Plastic resin,42665,359,4250,3439,364.73,PO-7000310,BOL859246,PRO5818203,Y,,,,2026-07-30 00:00:00
311,MF-10311,Delivered,71,97,Phoenix,AZ,85043,Denver,CO,80216,2026-07-23,2026-07-28,Flatbed,Retail freight,40619,1188,3916,3362,516.80,PO-5100311,BOL739008,,Y,,,,2026-07-31 00:00:00
312,MF-10312,Delivered,72,4,Phoenix,AZ,85043,Denver,CO,80216,2026-08-25,2026-08-26,Reefer,Frozen food,35134,273,2249,2005,404.59,PO-6100312,BOL466634,PRO4562439,Y,,,,2026-08-01 00:00:00
313,MF-10313,Delivered,73,33,Charlotte,NC,28208,Jacksonville,FL,32218,2026-05-29,2026-06-01,Van,Steel coils,29842,879,3652,3014,294.40,PO-6500313,BOL859584,PRO1488508,Y,,,,2026-08-02 00:00:00
314,MF-10314,Covered,74,121,Minneapolis,MN,55401,Chicago,IL,60608,2026-08-21,2026-08-24,Reefer,Frozen food,38187,2006,4044,3231,386.36,PO-7400314,BOL451387,PRO7944979,N,,,,2026-08-03 00:00:00
315,MF-10315,Available,75,,Minneapolis,MN,55401,Chicago,IL,60608,2026-08-18,2026-08-21,Flatbed,Retail freight,21648,1362,3674,,490.80,PO-8300315,BOL447832,PRO6932348,N,,,,2026-08-04 00:00:00
316,MF-10316,Delivered,76,47,Baltimore,MD,21224,Philadelphia,PA,19148,2026-07-21,2026-07-22,Reefer,Frozen food,28203,1624,2995,2414,274.59,PO-6000316,BOL844321,,Y,,,,2026-08-05 00:00:00
317,MF-10317,Delivered,77,68,Chicago,IL,60608,Dallas,TX,75212,2026-07-26,2026-07-29,Reefer,Beverages,21244,2050,1859,1547,155.67,PO-4500317,BOL565330,PRO9097744,Y,,,,2026-08-06 00:00:00
318,MF-10318,Available,78,,El Paso,TX,79901,Albuquerque,NM,87102,2026-08-23,2026-08-26,Reefer,Freshline dairy,14439,1863,4576,,515.87,PO-7300318,BOL809589,PRO4442468,N,,,,2026-08-07 00:00:00
319,MF-10319,Dispatched,79,15,Los Angeles,CA,90021,Phoenix,AZ,85043,2026-08-20,2026-08-25,Van,Steel coils,28478,226,3312,2995,299.11,PO-7600319,BOL895338,,N,,Maria Cole,555-289-6460,2026-08-08 00:00:00
320,MF-10320,Available,80,,Los Angeles,CA,90021,Phoenix,AZ,85043,2026-08-23,2026-08-25,Reefer,Beverages,15710,738,2707,,425.75,PO-4900320,BOL265146,,N,,,,2026-08-09 00:00:00
321,MF-10321,Delivered,81,48,Atlanta,GA,30318,Miami,FL,33142,2026-07-30,2026-08-04,Flatbed,Retail freight,19224,325,4285,3824,588.79,PO-5900321,BOL743052,PRO8443172,Y,,,,2026-08-10 00:00:00
322,MF-10322,Delivered,82,14,Los Angeles,CA,90021,Phoenix,AZ,85043,2026-06-26,2026-06-27,Reefer,Frozen food,37218,1442,2133,1874,360.75,PO-6200322,BOL427617,,Y,,,,2026-08-11 00:00:00
323,MF-10323,Delivered,83,17,Newark,NJ,07105,Charlotte,NC,28208,2026-06-27,2026-07-02,Van,Beverages,38500,1143,2671,2339,403.38,PO-5400323,BOL334665,,Y,,,,2026-08-12 00:00:00
324,MF-10324,Available,84,,Indianapolis,IN,46225,Columbus,OH,43215,2026-08-21,2026-08-25,Van,Retail freight,29283,1108,4630,,768.95,PO-7100324,BOL131734,,N,,,,2026-08-13 00:00:00
325,MF-10325,Delivered,85,37,Louisville,KY,40210,Nashville,TN,37210,2026-06-27,2026-06-29,Reefer,Beverages,15011,847,1821,1523,275.75,PO-7500325,BOL780999,,Y,,,,2026-08-14 00:00:00
326,MF-10326,Delivered,86,58,Detroit,MI,48209,Cleveland,OH,44113,2026-07-05,2026-07-10,Van,Electronics,30329,606,2051,1879,242.80,PO-8400326,BOL719677,PRO8304023,Y,,,,2026-08-15 00:00:00
327,MF-10327,In Transit,87,23,Detroit,MI,48209,Cleveland,OH,44113,2026-08-18,2026-08-20,Flatbed,Frozen food,19545,810,2732,2343,443.14,PO-6500327,BOL172988,PRO7357071,N,,Jamal Diaz,555-317-8584,2026-08-16 00:00:00
328,MF-10328,Delivered,88,18,Louisville,KY,40210,Nashville,TN,37210,2026-08-14,2026-08-16,Flatbed,Dry grocery,33557,1440,4106,3288,546.61,PO-7600328,BOL568881,,Y,,,,2026-08-17 00:00:00
329,MF-10329,In Transit,89,145,Chicago,IL,60608,Newark,NJ,07105,2026-08-22,2026-08-27,Flatbed,Steel coils,16359,1925,3904,3584,470.12,PO-5800329,BOL165442,PRO1891328,N,,Sofia Ali,555-291-1133,2026-08-18 00:00:00
330,MF-10330,Delivered,90,4,Houston,TX,77029,Los Angeles,CA,90021,2026-08-11,2026-08-14,Van,Plastic resin,34609,961,3014,2614,455.65,PO-6700330,BOL671598,,Y,,,,2026-05-01 00:00:00
331,MF-10331,Delivered,91,54,Houston,TX,77029,Los Angeles,CA,90021,2026-08-01,2026-08-06,Reefer,Frozen food,9029,474,4144,3305,336.33,PO-8600331,BOL610343,PRO3277939,Y,,,,2026-05-02 00:00:00
332,MF-10332,Delivered,92,61,Minneapolis,MN,55401,Chicago,IL,60608,2026-06-28,2026-07-03,Flatbed,Auto parts,31285,642,3137,2689,392.14,PO-5100332,BOL545405,PRO9357686,Y,,,,2026-05-03 00:00:00
333,MF-10333,Covered,93,35,Charlotte,NC,28208,Jacksonville,FL,32218,2026-08-15,2026-08-20,Reefer,Beverages,39671,1623,2903,2277,243.23,PO-6300333,BOL218661,PRO2343236,N,,,,2026-05-04 00:00:00
334,MF-10334,Delivered,94,11,St. Louis,MO,63102,Kansas City,MO,64120,2026-06-27,2026-07-02,Flatbed,Electronics,13117,1580,3335,2895,488.16,PO-8000334,BOL665389,PRO6242875,Y,,,,2026-05-05 00:00:00
335,MF-10335,In Transit,95,76,Baltimore,MD,21224,Philadelphia,PA,19148,2026-08-18,2026-08-19,Reefer,Freshline dairy,27927,1668,4669,3834,451.73,PO-7600335,BOL373094,,N,,Jamal Johnson,555-631-6782,2026-05-06 00:00:00
336,MF-10336,Delivered,96,119,Baltimore,MD,21224,Philadelphia,PA,19148,2026-06-13,2026-06-14,Reefer,Frozen food,26209,696,1737,1385,152.31,PO-4800336,BOL745710,,Y,,,,2026-05-07 00:00:00
337,MF-10337,Covered,97,107,Baltimore,MD,21224,Philadelphia,PA,19148,2026-08-15,2026-08-16,Van,Electronics,19494,715,4426,3545,551.77,PO-8400337,BOL347669,PRO9848116,N,,,,2026-05-08 00:00:00
338,MF-10338,Covered,98,103,Chicago,IL,60608,Dallas,TX,75212,2026-08-25,2026-08-27,Van,Beverages,23594,1533,4483,4120,704.00,PO-6800338,BOL861265,PRO4537589,N,,,,2026-05-09 00:00:00
339,MF-10339,In Transit,99,140,Atlanta,GA,30318,Miami,FL,33142,2026-08-26,2026-08-29,Van,Dry grocery,42899,658,2634,2230,460.49,PO-6400339,BOL816712,PRO8962291,N,,Keisha Wright,555-608-8802,2026-05-10 00:00:00
340,MF-10340,Delivered,100,68,Newark,NJ,07105,Charlotte,NC,28208,2026-08-24,2026-08-27,Reefer,Beverages,31188,1909,1568,1244,208.75,PO-6700340,BOL740140,PRO5573311,Y,,,,2026-05-11 00:00:00
341,MF-10341,Delivered,101,118,Newark,NJ,07105,Charlotte,NC,28208,2026-08-13,2026-08-16,Flatbed,Plastic resin,20774,1244,4165,3685,639.04,PO-6100341,BOL810638,PRO4018500,Y,,,,2026-05-12 00:00:00
342,MF-10342,Delivered,102,9,Los Angeles,CA,90021,Phoenix,AZ,85043,2026-05-31,2026-06-01,Van,Plastic resin,26566,695,1825,1598,210.15,PO-5200342,BOL135695,,Y,,,,2026-05-13 00:00:00
343,MF-10343,Delivered,103,129,Memphis,TN,38118,Houston,TX,77029,2026-06-10,2026-06-11,Van,Frozen food,20108,2015,1932,1608,302.14,PO-4700343,BOL829445,,Y,,,,2026-05-14 00:00:00
344,MF-10344,Delivered,104,36,Memphis,TN,38118,Houston,TX,77029,2026-06-05,2026-06-09,Reefer,Freshline dairy,33466,861,1703,1394,146.86,PO-4300344,BOL370782,PRO5440339,Y,,,,2026-05-15 00:00:00
345,MF-10345,Delivered,105,109,Kansas City,MO,64120,Denver,CO,80216,2026-06-24,2026-06-26,Reefer,Beverages,14963,2049,1989,1701,244.90,PO-6800345,BOL850151,,Y,,,,2026-05-16 00:00:00
346,MF-10346,Delivered,106,143,Indianapolis,IN,46225,Columbus,OH,43215,2026-06-13,2026-06-16,Reefer,Freshline dairy,33590,725,4022,3137,336.98,PO-4900346,BOL834061,,Y,,,,2026-05-17 00:00:00
347,MF-10347,Delivered,107,77,Seattle,WA,98134,Portland,OR,97210,2026-06-21,2026-06-25,Reefer,Beverages,33193,1591,4616,3645,473.53,PO-8900347,BOL605483,,Y,,,,2026-05-18 00:00:00
348,MF-10348,In Transit,108,56,Dallas,TX,75212,Atlanta,GA,30318,2026-08-21,2026-08-24,Van,Frozen food,21311,541,3282,2909,357.72,PO-7500348,BOL141241,PRO4204501,N,,Hannah Bennett,555-548-2318,2026-05-19 00:00:00
349,MF-10349,Delivered,109,78,Houston,TX,77029,Los Angeles,CA,90021,2026-08-12,2026-08-15,Van,Beverages,23629,1181,1973,1548,162.84,PO-6400349,BOL166052,PRO6162867,Y,,,,2026-05-20 00:00:00
350,MF-10350,In Transit,110,47,Phoenix,AZ,85043,Denver,CO,80216,2026-08-26,2026-08-27,Van,Retail freight,43164,485,4705,4100,622.53,PO-8700350,BOL707488,,N,,Maria Murphy,555-321-4468,2026-05-21 00:00:00
351,MF-10351,Delivered,111,76,Houston,TX,77029,Los Angeles,CA,90021,2026-06-24,2026-06-25,Flatbed,Dry grocery,11274,2032,4057,3238,394.44,PO-5900351,BOL960607,PRO8653507,Y,,,,2026-05-22 00:00:00
352,MF-10352,In Transit,112,81,Houston,TX,77029,Los Angeles,CA,90021,2026-08-25,2026-08-26,Flatbed,Electronics,34346,844,2781,2485,495.63,PO-4700352,BOL817318,PRO3304005,N,,Anika Nguyen,555-407-7983,2026-05-23 00:00:00
353,MF-10353,Delivered,113,23,Charlotte,NC,28208,Jacksonville,FL,32218,2026-08-20,2026-08-25,Reefer,Frozen food,32243,1313,1978,1752,191.48,PO-5000353,BOL559969,,Y,,,,2026-05-24 00:00:00
354,MF-10354,In Transit,114,53,Minneapolis,MN,55401,Chicago,IL,60608,2026-08-25,2026-08-30,Van,Dry grocery,26594,1032,2134,1941,321.54,PO-8400354,BOL946632,PRO8986164,N,,Nia Nguyen,555-206-1118,2026-05-25 00:00:00
355,MF-10355,In Transit,115,87,St. Louis,MO,63102,Kansas City,MO,64120,2026-08-24,2026-08-27,Reefer,Frozen food,27739,892,4337,3686,759.10,PO-6600355,BOL104792,PRO4219595,N,,Keisha Cole,555-238-3949,2026-05-26 00:00:00
356,MF-10356,Delivered,116,141,St. Louis,MO,63102,Kansas City,MO,64120,2026-06-07,2026-06-10,Flatbed,Lumber,11477,576,4555,3952,459.19,PO-4700356,BOL935309,,Y,,,,2026-05-27 00:00:00
357,MF-10357,Covered,117,21,Chicago,IL,60608,Dallas,TX,75212,2026-08-19,2026-08-21,Flatbed,Dry grocery,36486,694,1621,1410,175.89,PO-6100357,BOL746781,PRO8602555,N,,,,2026-05-28 00:00:00
358,MF-10358,Delivered,118,21,Salt Lake City,UT,84104,Boise,ID,83702,2026-06-18,2026-06-20,Van,Beverages,29362,1038,1690,1529,257.12,PO-5200358,BOL883377,PRO6464086,Y,,,,2026-05-29 00:00:00
359,MF-10359,Delivered,119,13,El Paso,TX,79901,Albuquerque,NM,87102,2026-07-15,2026-07-17,Van,Plastic resin,39746,291,2938,2658,256.64,PO-6700359,BOL251981,,Y,,,,2026-05-30 00:00:00
360,MF-10360,In Transit,120,18,Atlanta,GA,30318,Miami,FL,33142,2026-08-20,2026-08-23,Reefer,Beverages,26389,459,1921,1507,262.92,PO-4700360,BOL993021,PRO8016631,N,,Hannah Hernandez,555-407-6503,2026-05-31 00:00:00
361,MF-10361,Delivered,1,107,Newark,NJ,07105,Charlotte,NC,28208,2026-07-28,2026-07-31,Van,Electronics,13667,1023,3767,3449,623.44,PO-7300361,BOL612977,PRO4631304,Y,,,,2026-06-01 00:00:00
362,MF-10362,In Transit,2,136,Kansas City,MO,64120,Denver,CO,80216,2026-08-22,2026-08-23,Reefer,Frozen food,8332,1035,3823,3488,655.17,PO-4200362,BOL142004,PRO9459346,N,,Omar Chen,555-793-4643,2026-06-02 00:00:00
363,MF-10363,Delivered,3,68,Indianapolis,IN,46225,Columbus,OH,43215,2026-06-25,2026-06-26,Reefer,Frozen food,22287,451,1450,1271,174.96,PO-6200363,BOL410158,,Y,,,,2026-06-03 00:00:00
364,MF-10364,Cancelled,4,21,Memphis,TN,38118,Houston,TX,77029,2026-06-25,2026-06-28,Flatbed,Beverages,37808,1129,3736,3304,308.00,PO-8900364,BOL245357,PRO7800818,N,,,,2026-06-04 00:00:00
365,MF-10365,Delivered,5,129,Seattle,WA,98134,Portland,OR,97210,2026-06-06,2026-06-10,Flatbed,Dry grocery,42794,246,1689,1408,251.79,PO-5800365,BOL546590,PRO4475340,Y,,,,2026-06-05 00:00:00
366,MF-10366,Dispatched,6,138,Indianapolis,IN,46225,Columbus,OH,43215,2026-08-17,2026-08-20,Van,Lumber,32014,538,2897,2448,243.60,PO-8100366,BOL685934,PRO4434507,N,,Hannah Patel,555-313-7274,2026-06-06 00:00:00
367,MF-10367,Delivered,7,15,Detroit,MI,48209,Cleveland,OH,44113,2026-07-26,2026-07-31,Flatbed,Beverages,21749,1722,4481,3859,788.25,PO-8700367,BOL897846,,Y,,,,2026-06-07 00:00:00
368,MF-10368,Delivered,8,36,Dallas,TX,75212,Atlanta,GA,30318,2026-06-22,2026-06-26,Van,Frozen food,16041,1142,3253,2758,431.57,PO-8500368,BOL657742,PRO9939831,Y,,,,2026-06-08 00:00:00
369,MF-10369,Available,9,,Houston,TX,77029,Los Angeles,CA,90021,2026-08-17,2026-08-20,Flatbed,Frozen food,38007,358,2171,,367.31,PO-4500369,BOL509660,PRO5838090,N,,,,2026-06-09 00:00:00
370,MF-10370,Cancelled,10,36,Dallas,TX,75212,Atlanta,GA,30318,2026-08-12,2026-08-14,Van,Auto parts,9487,780,3432,2749,344.66,PO-6600370,BOL815551,PRO3215051,N,,,,2026-06-10 00:00:00
371,MF-10371,Delivered,11,38,Charlotte,NC,28208,Jacksonville,FL,32218,2026-06-30,2026-07-01,Van,Frozen food,30012,1023,4684,3805,818.50,PO-7700371,BOL459443,PRO6474513,N,,,,2026-06-11 00:00:00
372,MF-10372,In Transit,12,95,Minneapolis,MN,55401,Chicago,IL,60608,2026-08-19,2026-08-22,Van,Steel coils,11101,483,2923,2677,458.84,PO-6200372,BOL398196,PRO3791109,N,,Keisha Hernandez,555-432-8933,2026-06-12 00:00:00
373,MF-10373,In Transit,13,37,Charlotte,NC,28208,Jacksonville,FL,32218,2026-08-15,2026-08-20,Van,Auto parts,36894,713,1568,1441,215.53,PO-6300373,BOL293458,,N,,Luis Kowalski,555-443-2915,2026-06-13 00:00:00
374,MF-10374,Dispatched,14,52,St. Louis,MO,63102,Kansas City,MO,64120,2026-08-21,2026-08-23,Reefer,Frozen food,38018,2080,3057,2782,479.50,PO-6000374,BOL263633,,N,,Elena Kim,555-324-1408,2026-06-14 00:00:00
375,MF-10375,Dispatched,15,76,Baltimore,MD,21224,Philadelphia,PA,19148,2026-08-16,2026-08-19,Reefer,Beverages,10626,465,4222,3359,539.99,PO-8300375,BOL677723,,N,,Luis Shah,555-652-6549,2026-06-15 00:00:00
376,MF-10376,Delivered,16,12,Baltimore,MD,21224,Philadelphia,PA,19148,2026-06-29,2026-07-02,Reefer,Beverages,26214,580,3789,3234,599.15,PO-4100376,BOL187649,PRO8473546,Y,,,,2026-06-16 00:00:00
377,MF-10377,In Transit,17,25,Baltimore,MD,21224,Philadelphia,PA,19148,2026-08-18,2026-08-22,Reefer,Beverages,32224,970,3028,2424,500.77,PO-6300377,BOL112782,,N,,Kate Okafor,555-257-6915,2026-06-17 00:00:00
378,MF-10378,Delivered,18,28,Atlanta,GA,30318,Miami,FL,33142,2026-06-15,2026-06-16,Flatbed,Beverages,35776,1672,3102,2768,337.69,PO-6600378,BOL246347,PRO2444148,Y,,,,2026-06-18 00:00:00
379,MF-10379,Delivered,19,46,Atlanta,GA,30318,Miami,FL,33142,2026-06-26,2026-07-01,Van,Electronics,25912,1028,1762,1375,253.52,PO-5100379,BOL682813,PRO3297254,Y,,,,2026-06-19 00:00:00
380,MF-10380,Delivered,20,78,Newark,NJ,07105,Charlotte,NC,28208,2026-07-19,2026-07-24,Van,Steel coils,22714,234,2644,2245,407.14,PO-4000380,BOL261505,,Y,,,,2026-06-20 00:00:00
381,MF-10381,Cancelled,21,59,Memphis,TN,38118,Houston,TX,77029,2026-08-10,2026-08-13,Van,Beverages,26167,1189,4217,3669,349.35,PO-4400381,BOL727983,PRO9061215,N,,,,2026-06-21 00:00:00
382,MF-10382,In Transit,22,125,Memphis,TN,38118,Houston,TX,77029,2026-08-16,2026-08-20,Van,Retail freight,38214,1978,2067,1780,195.57,PO-8400382,BOL242079,PRO1887318,N,,Brett Shah,555-217-5252,2026-06-22 00:00:00
383,MF-10383,Delivered,23,7,Indianapolis,IN,46225,Columbus,OH,43215,2026-06-05,2026-06-08,Reefer,Beverages,20009,1746,1714,1460,268.49,PO-4600383,BOL727847,PRO6412444,Y,,,,2026-06-23 00:00:00
384,MF-10384,Covered,24,13,Indianapolis,IN,46225,Columbus,OH,43215,2026-08-22,2026-08-25,Flatbed,Electronics,41958,756,2840,2542,230.86,PO-6300384,BOL916639,PRO6709506,N,,,,2026-06-24 00:00:00
385,MF-10385,Available,25,,Indianapolis,IN,46225,Columbus,OH,43215,2026-08-25,2026-08-27,Van,Lumber,42449,1912,2305,,376.08,PO-7400385,BOL847159,PRO2912044,N,,,,2026-06-25 00:00:00
386,MF-10386,Delivered,26,3,Indianapolis,IN,46225,Columbus,OH,43215,2026-08-11,2026-08-13,Reefer,Freshline dairy,42283,1743,1969,1761,332.71,PO-6100386,BOL280572,PRO1482504,Y,,,,2026-06-26 00:00:00
387,MF-10387,Dispatched,27,125,Seattle,WA,98134,Portland,OR,97210,2026-08-23,2026-08-25,Van,Paper rolls,15321,339,1721,1444,269.00,PO-4100387,BOL912323,PRO8235132,N,,Mei Brooks,555-414-3133,2026-06-27 00:00:00
388,MF-10388,Delivered,28,101,Louisville,KY,40210,Nashville,TN,37210,2026-08-21,2026-08-26,Van,Beverages,8673,1725,2436,1914,268.36,PO-4600388,BOL920375,,Y,,,,2026-06-28 00:00:00
389,MF-10389,In Transit,29,4,Dallas,TX,75212,Atlanta,GA,30318,2026-08-24,2026-08-27,Van,Auto parts,23848,1214,2057,1850,325.17,PO-7600389,BOL171656,,N,,Carlos Shah,555-556-6770,2026-06-29 00:00:00
390,MF-10390,In Transit,30,130,Dallas,TX,75212,Atlanta,GA,30318,2026-08-18,2026-08-20,Van,Steel coils,39110,930,2276,2068,375.84,PO-8400390,BOL718010,,N,,Keisha Bennett,555-204-2616,2026-06-30 00:00:00
391,MF-10391,In Transit,31,53,Chicago,IL,60608,Newark,NJ,07105,2026-08-24,2026-08-27,Reefer,Beverages,40493,1741,1906,1611,251.54,PO-6300391,BOL838963,,N,,Anika Chen,555-315-6149,2026-07-01 00:00:00
392,MF-10392,Dispatched,32,15,Houston,TX,77029,Los Angeles,CA,90021,2026-08-21,2026-08-25,Reefer,Freshline dairy,36046,566,3668,3070,654.72,PO-4400392,BOL981913,PRO7164643,N,,Kate Kim,555-654-4700,2026-07-02 00:00:00
393,MF-10393,Delivered,33,55,St. Louis,MO,63102,Kansas City,MO,64120,2026-05-31,2026-06-01,Reefer,Beverages,14666,1698,1888,1510,226.68,PO-5000393,BOL167853,PRO4340115,Y,,,,2026-07-03 00:00:00
394,MF-10394,Delivered,34,61,Baltimore,MD,21224,Philadelphia,PA,19148,2026-08-10,2026-08-12,Flatbed,Beverages,34229,909,4322,3834,602.34,PO-7000394,BOL799061,PRO7785437,Y,,,,2026-07-04 00:00:00
395,MF-10395,Cancelled,35,14,Baltimore,MD,21224,Philadelphia,PA,19148,2026-08-07,2026-08-11,Van,Steel coils,16821,240,3404,2892,486.22,PO-4600395,BOL873637,,N,,,,2026-07-05 00:00:00
396,MF-10396,Delivered,36,107,St. Louis,MO,63102,Kansas City,MO,64120,2026-08-03,2026-08-07,Flatbed,Retail freight,42075,1751,3947,3423,615.80,PO-7100396,BOL931239,PRO5925168,Y,,,,2026-07-06 00:00:00
397,MF-10397,In Transit,37,92,Chicago,IL,60608,Dallas,TX,75212,2026-08-18,2026-08-21,Reefer,Beverages,37003,1121,2971,2504,491.07,PO-4200397,BOL134455,,N,,James Patel,555-640-2951,2026-07-07 00:00:00
398,MF-10398,In Transit,38,78,Chicago,IL,60608,Dallas,TX,75212,2026-08-15,2026-08-17,Reefer,Freshline dairy,38790,1154,4103,3518,549.55,PO-7500398,BOL995852,,N,,Andre Diaz,555-312-9037,2026-07-08 00:00:00
399,MF-10399,Delivered,39,53,Atlanta,GA,30318,Miami,FL,33142,2026-06-23,2026-06-28,Flatbed,Retail freight,10956,442,2565,2115,212.42,PO-6300399,BOL465823,PRO1451304,Y,,,,2026-07-09 00:00:00
400,MF-10400,Dispatched,40,61,Los Angeles,CA,90021,Phoenix,AZ,85043,2026-08-20,2026-08-21,Reefer,Freshline dairy,13566,2044,2414,1962,268.46,PO-8400400,BOL168681,PRO2920509,N,,Hannah Patel,555-877-5001,2026-07-10 00:00:00
401,MF-10401,Delivered,41,5,Atlanta,GA,30318,Miami,FL,33142,2026-06-18,2026-06-21,Reefer,Beverages,9457,828,3125,2554,467.49,PO-6400401,BOL698059,PRO2639564,Y,,,,2026-07-11 00:00:00
402,MF-10402,Covered,42,47,Los Angeles,CA,90021,Phoenix,AZ,85043,2026-08-15,2026-08-17,Reefer,Beverages,36573,593,2790,2241,306.77,PO-7100402,BOL766311,PRO2263679,N,,,,2026-07-12 00:00:00
403,MF-10403,Covered,43,7,Memphis,TN,38118,Houston,TX,77029,2026-08-22,2026-08-25,Reefer,Freshline dairy,14026,1649,4695,3810,724.39,PO-7700403,BOL199335,PRO5586302,N,,,,2026-07-13 00:00:00
404,MF-10404,Delivered,44,48,Seattle,WA,98134,Portland,OR,97210,2026-07-02,2026-07-04,Van,Steel coils,21112,1028,2628,2209,352.14,PO-6500404,BOL363470,PRO8603914,Y,,,,2026-07-14 00:00:00
405,MF-10405,In Transit,45,24,Indianapolis,IN,46225,Columbus,OH,43215,2026-08-26,2026-08-31,Flatbed,Beverages,36424,2094,4713,4081,739.53,PO-7600405,BOL861911,PRO9762229,N,,Ryan Wright,555-474-9728,2026-07-15 00:00:00
406,MF-10406,Delivered,46,20,Detroit,MI,48209,Cleveland,OH,44113,2026-08-07,2026-08-09,Flatbed,Steel coils,12222,1478,3080,2539,502.11,PO-5300406,BOL987060,PRO5815809,Y,,,,2026-07-16 00:00:00
407,MF-10407,In Transit,47,31,Detroit,MI,48209,Cleveland,OH,44113,2026-08-16,2026-08-21,Reefer,Frozen food,36582,1044,4664,4178,589.60,PO-8100407,BOL138801,,N,,Luis Singh,555-228-5023,2026-07-17 00:00:00
408,MF-10408,Delivered,48,119,Louisville,KY,40210,Nashville,TN,37210,2026-07-23,2026-07-26,Flatbed,Auto parts,9304,293,1572,1438,202.13,PO-4500408,BOL429153,PRO2066723,Y,,,,2026-07-18 00:00:00
409,MF-10409,Available,49,,Houston,TX,77029,Los Angeles,CA,90021,2026-08-21,2026-08-22,Reefer,Frozen food,40784,2090,1858,,254.73,PO-4700409,BOL647312,PRO9812402,N,,,,2026-07-19 00:00:00
410,MF-10410,Delivered,50,16,Dallas,TX,75212,Atlanta,GA,30318,2026-07-26,2026-07-31,Reefer,Beverages,35713,626,4700,4158,486.89,PO-4900410,BOL212002,,Y,,,,2026-07-20 00:00:00
411,MF-10411,Cancelled,51,101,Charlotte,NC,28208,Jacksonville,FL,32218,2026-07-04,2026-07-07,Van,Beverages,28741,1297,3585,2984,626.91,PO-6700411,BOL597920,PRO5659599,N,,,,2026-07-21 00:00:00
412,MF-10412,Covered,52,130,Phoenix,AZ,85043,Denver,CO,80216,2026-08-21,2026-08-25,Reefer,Frozen food,11583,1594,4043,3700,568.37,PO-8200412,BOL351318,,N,,,,2026-07-22 00:00:00
413,MF-10413,Delivered,53,91,Minneapolis,MN,55401,Chicago,IL,60608,2026-05-30,2026-05-31,Van,Beverages,27719,364,3009,2737,516.92,PO-8800413,BOL346898,,Y,,,,2026-07-23 00:00:00
414,MF-10414,Covered,54,142,Minneapolis,MN,55401,Chicago,IL,60608,2026-08-19,2026-08-22,Flatbed,Plastic resin,40223,1144,4633,3635,772.06,PO-8700414,BOL533021,PRO6582152,N,,,,2026-07-24 00:00:00
415,MF-10415,Dispatched,55,82,Minneapolis,MN,55401,Chicago,IL,60608,2026-08-24,2026-08-27,Van,Retail freight,20041,1470,3256,2856,508.58,PO-6800415,BOL929443,PRO1051603,N,,Sofia Cole,555-760-6353,2026-07-25 00:00:00
416,MF-10416,Delivered,56,11,Salt Lake City,UT,84104,Boise,ID,83702,2026-07-16,2026-07-21,Van,Auto parts,16525,1914,4322,3957,704.75,PO-7800416,BOL819064,PRO6358628,Y,,,,2026-07-26 00:00:00
417,MF-10417,Delivered,57,124,Salt Lake City,UT,84104,Boise,ID,83702,2026-07-23,2026-07-25,Flatbed,Retail freight,33788,1974,2213,1752,258.39,PO-6400417,BOL975224,PRO4766269,Y,,,,2026-07-27 00:00:00
418,MF-10418,Delivered,58,113,Salt Lake City,UT,84104,Boise,ID,83702,2026-06-15,2026-06-20,Van,Frozen food,11262,1001,2212,1806,365.38,PO-7900418,BOL549737,PRO3504019,Y,,,,2026-07-28 00:00:00
419,MF-10419,Delivered,59,16,Atlanta,GA,30318,Miami,FL,33142,2026-08-04,2026-08-09,Van,Lumber,22711,1641,3258,2918,421.63,PO-5300419,BOL299800,PRO5466142,Y,,,,2026-07-29 00:00:00
420,MF-10420,Delivered,60,63,Newark,NJ,07105,Charlotte,NC,28208,2026-07-08,2026-07-10,Van,Electronics,35415,549,4775,3913,705.36,PO-6600420,BOL930958,,Y,,,,2026-07-30 00:00:00
421,MF-10421,Delivered,61,68,Newark,NJ,07105,Charlotte,NC,28208,2026-07-26,2026-07-31,Van,Retail freight,16729,1964,4051,3419,328.26,PO-6000421,BOL826687,PRO4560421,Y,,,,2026-07-31 00:00:00
422,MF-10422,Dispatched,62,33,Kansas City,MO,64120,Denver,CO,80216,2026-08-15,2026-08-20,Van,Frozen food,10982,190,2361,1997,272.53,PO-5600422,BOL629050,PRO6075231,N,,Elena Patel,555-253-6453,2026-08-01 00:00:00
423,MF-10423,Cancelled,63,6,Kansas City,MO,64120,Denver,CO,80216,2026-08-09,2026-08-14,Flatbed,Auto parts,30228,1977,2466,1982,318.81,PO-6900423,BOL238327,,N,,,,2026-08-02 00:00:00
424,MF-10424,Dispatched,64,15,Seattle,WA,98134,Portland,OR,97210,2026-08-24,2026-08-27,Reefer,Frozen food,25285,1238,2558,2318,271.97,PO-6000424,BOL556943,PRO6293931,N,,Nia Hernandez,555-569-8046,2026-08-03 00:00:00
425,MF-10425,Dispatched,65,94,Louisville,KY,40210,Nashville,TN,37210,2026-08-14,2026-08-16,Flatbed,Beverages,18718,1625,2341,1886,297.36,PO-6900425,BOL557629,,N,,Maria Singh,555-352-1894,2026-08-04 00:00:00
426,MF-10426,Available,66,,Detroit,MI,48209,Cleveland,OH,44113,2026-08-26,2026-08-30,Reefer,Freshline dairy,17702,433,3274,,423.32,PO-6200426,BOL198123,,N,,,,2026-08-05 00:00:00
427,MF-10427,Delivered,67,95,Louisville,KY,40210,Nashville,TN,37210,2026-06-21,2026-06-24,Flatbed,Electronics,35290,2065,1416,1208,194.10,PO-4400427,BOL358114,PRO2582179,Y,,,,2026-08-06 00:00:00
428,MF-10428,Available,68,,Louisville,KY,40210,Nashville,TN,37210,2026-08-22,2026-08-23,Reefer,Beverages,18077,239,1834,,300.22,PO-4500428,BOL582589,PRO9050632,N,,,,2026-08-07 00:00:00
429,MF-10429,Delivered,69,46,Chicago,IL,60608,Newark,NJ,07105,2026-06-10,2026-06-11,Van,Electronics,16475,612,2730,2491,491.35,PO-4300429,BOL940494,PRO6421907,Y,,,,2026-08-08 00:00:00
430,MF-10430,Dispatched,70,53,Dallas,TX,75212,Atlanta,GA,30318,2026-08-18,2026-08-23,Van,Plastic resin,33460,1776,1765,1381,177.95,PO-6500430,BOL398776,PRO3585950,N,,Carlos Kowalski,555-445-7535,2026-08-09 00:00:00
431,MF-10431,Delivered,71,124,Charlotte,NC,28208,Jacksonville,FL,32218,2026-07-01,2026-07-04,Flatbed,Auto parts,40087,1092,1793,1607,235.36,PO-6400431,BOL599583,,Y,,,,2026-08-10 00:00:00
432,MF-10432,In Transit,72,52,Houston,TX,77029,Los Angeles,CA,90021,2026-08-14,2026-08-18,Flatbed,Auto parts,22695,1506,3502,2899,442.49,PO-8300432,BOL848301,,N,,Sofia Chen,555-295-1662,2026-08-11 00:00:00
433,MF-10433,In Transit,73,63,Phoenix,AZ,85043,Denver,CO,80216,2026-08-22,2026-08-26,Van,Beverages,11127,1308,2418,2063,264.89,PO-4400433,BOL147285,PRO9567311,N,,Mei Brooks,555-330-5921,2026-08-12 00:00:00
434,MF-10434,Delivered,74,33,Charlotte,NC,28208,Jacksonville,FL,32218,2026-06-27,2026-07-02,Reefer,Beverages,38335,547,3462,2708,533.33,PO-5100434,BOL983855,PRO2397383,Y,,,,2026-08-13 00:00:00
435,MF-10435,Delivered,75,134,Baltimore,MD,21224,Philadelphia,PA,19148,2026-07-16,2026-07-21,Reefer,Beverages,20267,612,2798,2561,467.64,PO-5100435,BOL182020,PRO5350628,Y,,,,2026-08-14 00:00:00
436,MF-10436,Covered,76,3,St. Louis,MO,63102,Kansas City,MO,64120,2026-08-20,2026-08-25,Van,Plastic resin,38157,1596,1877,1467,273.25,PO-6500436,BOL789666,PRO9165848,N,,,,2026-08-15 00:00:00
437,MF-10437,Delivered,77,39,El Paso,TX,79901,Albuquerque,NM,87102,2026-05-29,2026-06-02,Van,Auto parts,20335,1939,2181,1735,177.94,PO-4100437,BOL319393,PRO3435283,Y,,,,2026-08-16 00:00:00
438,MF-10438,In Transit,78,25,Atlanta,GA,30318,Miami,FL,33142,2026-08-16,2026-08-21,Van,Steel coils,37180,1173,1489,1185,253.49,PO-7000438,BOL120581,PRO5070650,N,,Tyler Brooks,555-685-7912,2026-08-17 00:00:00
439,MF-10439,Delivered,79,2,Los Angeles,CA,90021,Phoenix,AZ,85043,2026-08-19,2026-08-22,Van,Plastic resin,27056,255,3430,3029,478.77,PO-7100439,BOL519095,PRO9185628,Y,,,,2026-08-18 00:00:00
440,MF-10440,Delivered,80,61,Chicago,IL,60608,Dallas,TX,75212,2026-06-19,2026-06-20,Flatbed,Retail freight,39020,419,2497,2259,303.92,PO-7100440,BOL752944,PRO6817736,Y,,,,2026-05-01 00:00:00
441,MF-10441,Delivered,81,37,Memphis,TN,38118,Houston,TX,77029,2026-08-23,2026-08-25,Flatbed,Paper rolls,30226,2067,3194,2595,325.69,PO-7800441,BOL994911,PRO8859576,Y,,,,2026-05-02 00:00:00
442,MF-10442,Delivered,82,121,Memphis,TN,38118,Houston,TX,77029,2026-07-07,2026-07-11,Flatbed,Retail freight,21579,758,4675,4281,449.75,PO-8400442,BOL885650,,Y,,,,2026-05-03 00:00:00
443,MF-10443,In Transit,83,107,Memphis,TN,38118,Houston,TX,77029,2026-08-23,2026-08-25,Reefer,Frozen food,31513,1984,2257,1936,406.09,PO-5600443,BOL474387,PRO3931227,N,,Sofia Diaz,555-510-4845,2026-05-04 00:00:00
444,MF-10444,Covered,84,47,Memphis,TN,38118,Houston,TX,77029,2026-08-14,2026-08-15,Reefer,Frozen food,39874,708,3929,3189,535.12,PO-6100444,BOL923012,PRO1783099,N,,,,2026-05-05 00:00:00
445,MF-10445,Dispatched,85,107,Seattle,WA,98134,Portland,OR,97210,2026-08-24,2026-08-29,Flatbed,Frozen food,14676,1866,1833,1630,258.39,PO-7500445,BOL144008,PRO3802571,N,,Maria Wright,555-668-2817,2026-05-06 00:00:00
446,MF-10446,In Transit,86,136,Seattle,WA,98134,Portland,OR,97210,2026-08-21,2026-08-23,Reefer,Beverages,21231,1079,2770,2478,255.67,PO-6600446,BOL906584,PRO5115720,N,,Nia Garcia,555-357-6959,2026-05-07 00:00:00
447,MF-10447,Covered,87,82,Dallas,TX,75212,Atlanta,GA,30318,2026-08-21,2026-08-24,Van,Frozen food,31635,1469,2489,2071,387.00,PO-8200447,BOL357374,,N,,,,2026-05-08 00:00:00
448,MF-10448,Dispatched,88,18,Chicago,IL,60608,Newark,NJ,07105,2026-08-14,2026-08-16,Reefer,Freshline dairy,41904,322,1521,1280,238.82,PO-4500448,BOL454737,,N,,Tyler Okafor,555-898-6927,2026-05-09 00:00:00
449,MF-10449,Cancelled,89,55,Dallas,TX,75212,Atlanta,GA,30318,2026-07-01,2026-07-02,Van,Auto parts,42064,785,3753,2957,537.28,PO-6600449,BOL521530,PRO6105693,N,,,,2026-05-10 00:00:00
450,MF-10450,Dispatched,90,36,Houston,TX,77029,Los Angeles,CA,90021,2026-08-21,2026-08-22,Flatbed,Electronics,36976,1608,3629,3147,514.66,PO-6200450,BOL951266,PRO7786479,N,,Luis Murphy,555-656-4360,2026-05-11 00:00:00
451,MF-10451,Dispatched,91,91,Phoenix,AZ,85043,Denver,CO,80216,2026-08-25,2026-08-26,Reefer,Beverages,42166,877,2275,1804,307.53,PO-8800451,BOL766564,,N,,Luis Okafor,555-753-5651,2026-05-12 00:00:00
452,MF-10452,Delivered,92,134,Charlotte,NC,28208,Jacksonville,FL,32218,2026-07-26,2026-07-29,Reefer,Frozen food,16114,277,2927,2389,382.71,PO-8800452,BOL782583,PRO8528555,Y,,,,2026-05-13 00:00:00
453,MF-10453,Delivered,93,31,Phoenix,AZ,85043,Denver,CO,80216,2026-06-28,2026-07-01,Flatbed,Electronics,23324,897,3971,3467,653.03,PO-5900453,BOL398357,PRO3348331,Y,,,,2026-05-14 00:00:00
454,MF-10454,Dispatched,94,87,Minneapolis,MN,55401,Chicago,IL,60608,2026-08-25,2026-08-28,Flatbed,Paper rolls,14045,307,4314,3622,522.88,PO-6700454,BOL236381,PRO8485391,N,,Hannah Wright,555-300-3401,2026-05-15 00:00:00
455,MF-10455,Delivered,95,87,Salt Lake City,UT,84104,Boise,ID,83702,2026-06-11,2026-06-16,Reefer,Beverages,40082,1678,3134,2881,466.66,PO-6600455,BOL963829,,Y,,,,2026-05-16 00:00:00
456,MF-10456,In Transit,96,17,El Paso,TX,79901,Albuquerque,NM,87102,2026-08-15,2026-08-19,Flatbed,Lumber,32204,2067,3338,2618,319.39,PO-4700456,BOL730823,PRO2851133,N,,Brett Garcia,555-417-8461,2026-05-17 00:00:00
457,MF-10457,Delivered,97,20,El Paso,TX,79901,Albuquerque,NM,87102,2026-08-20,2026-08-25,Van,Retail freight,17363,471,2933,2412,377.16,PO-7700457,BOL542244,,Y,,,,2026-05-18 00:00:00
458,MF-10458,Available,98,,Chicago,IL,60608,Dallas,TX,75212,2026-08-23,2026-08-25,Flatbed,Beverages,30849,318,1408,,129.86,PO-4200458,BOL537859,PRO6195935,N,,,,2026-05-19 00:00:00
459,MF-10459,In Transit,99,76,Atlanta,GA,30318,Miami,FL,33142,2026-08-14,2026-08-18,Flatbed,Electronics,29313,362,4519,3809,564.46,PO-7900459,BOL796781,PRO7496727,N,,Luis Brooks,555-716-8551,2026-05-20 00:00:00
460,MF-10460,Delivered,100,6,Newark,NJ,07105,Charlotte,NC,28208,2026-07-13,2026-07-18,Flatbed,Beverages,9625,1351,4045,3205,390.59,PO-8000460,BOL934832,PRO6181610,Y,,,,2026-05-21 00:00:00
461,MF-10461,In Transit,101,11,Atlanta,GA,30318,Miami,FL,33142,2026-08-16,2026-08-21,Van,Electronics,9223,426,2175,1925,283.32,PO-8200461,BOL657695,,N,,Elena Shah,555-254-9548,2026-05-22 00:00:00
462,MF-10462,Delivered,102,67,Newark,NJ,07105,Charlotte,NC,28208,2026-07-25,2026-07-30,Van,Lumber,9524,876,3045,2626,393.25,PO-6700462,BOL289276,PRO9856721,Y,,,,2026-05-23 00:00:00
463,MF-10463,Delivered,103,13,Kansas City,MO,64120,Denver,CO,80216,2026-08-14,2026-08-15,Flatbed,Auto parts,28106,1014,2148,1752,191.09,PO-8300463,BOL277409,,Y,,,,2026-05-24 00:00:00
464,MF-10464,Cancelled,104,39,Kansas City,MO,64120,Denver,CO,80216,2026-08-22,2026-08-23,Reefer,Frozen food,24903,949,2710,2167,458.81,PO-4700464,BOL154398,,N,,,,2026-05-25 00:00:00
465,MF-10465,Dispatched,105,140,Indianapolis,IN,46225,Columbus,OH,43215,2026-08-19,2026-08-24,Flatbed,Plastic resin,9894,1014,3303,2832,285.86,PO-8000465,BOL345094,PRO1312439,N,,Priya Hernandez,555-262-6215,2026-05-26 00:00:00
466,MF-10466,Delivered,106,118,Indianapolis,IN,46225,Columbus,OH,43215,2026-07-25,2026-07-30,Van,Steel coils,21333,1783,3226,2554,463.19,PO-4900466,BOL491438,PRO3821731,Y,,,,2026-05-27 00:00:00
467,MF-10467,Dispatched,107,6,Dallas,TX,75212,Atlanta,GA,30318,2026-08-18,2026-08-22,Van,Beverages,25911,1404,1402,1105,241.40,PO-5600467,BOL980266,PRO6895814,N,,Kate Kim,555-868-3742,2026-05-28 00:00:00
468,MF-10468,Covered,108,37,Detroit,MI,48209,Cleveland,OH,44113,2026-08-17,2026-08-22,Van,Auto parts,13879,989,4427,3784,385.12,PO-8400468,BOL228950,PRO5688532,N,,,,2026-05-29 00:00:00
469,MF-10469,Covered,109,44,Dallas,TX,75212,Atlanta,GA,30318,2026-08-17,2026-08-22,Flatbed,Retail freight,37669,739,4001,3267,621.23,PO-5500469,BOL794447,PRO6731597,N,,,,2026-05-30 00:00:00
470,MF-10470,Delivered,110,115,Houston,TX,77029,Los Angeles,CA,90021,2026-08-23,2026-08-25,Van,Electronics,40045,1741,1439,1257,174.57,PO-6500470,BOL664271,,Y,,,,2026-05-31 00:00:00
471,MF-10471,Covered,111,120,Chicago,IL,60608,Newark,NJ,07105,2026-08-18,2026-08-19,Reefer,Frozen food,31459,972,2845,2606,334.68,PO-5100471,BOL979908,PRO1141455,N,,,,2026-06-01 00:00:00
472,MF-10472,Delivered,112,2,Charlotte,NC,28208,Jacksonville,FL,32218,2026-08-01,2026-08-05,Van,Dry grocery,13896,1851,4187,3805,484.78,PO-7900472,BOL755608,,Y,,,,2026-06-02 00:00:00
473,MF-10473,Dispatched,113,5,Charlotte,NC,28208,Jacksonville,FL,32218,2026-08-19,2026-08-22,Reefer,Beverages,26176,1345,4763,4140,433.88,PO-7200473,BOL618008,,N,,Kate Singh,555-207-4212,2026-06-03 00:00:00
474,MF-10474,Delivered,114,17,Minneapolis,MN,55401,Chicago,IL,60608,2026-08-17,2026-08-22,Flatbed,Frozen food,25978,572,3734,3359,627.69,PO-8300474,BOL124240,PRO9941274,Y,,,,2026-06-04 00:00:00
475,MF-10475,In Transit,115,115,Salt Lake City,UT,84104,Boise,ID,83702,2026-08-26,2026-08-30,Flatbed,Dry grocery,31689,1239,1898,1661,240.40,PO-8800475,BOL145576,PRO4767293,N,,Omar Chen,555-616-5489,2026-06-05 00:00:00
476,MF-10476,Delivered,116,44,El Paso,TX,79901,Albuquerque,NM,87102,2026-06-18,2026-06-22,Van,Plastic resin,22786,1592,1735,1567,278.93,PO-6700476,BOL178056,PRO4303044,Y,,,,2026-06-06 00:00:00
477,MF-10477,Delivered,117,4,El Paso,TX,79901,Albuquerque,NM,87102,2026-08-17,2026-08-18,Reefer,Frozen food,24197,400,3965,3611,650.46,PO-7000477,BOL349937,PRO1913231,Y,,,,2026-06-07 00:00:00
478,MF-10478,Covered,118,112,El Paso,TX,79901,Albuquerque,NM,87102,2026-08-25,2026-08-30,Reefer,Frozen food,11977,2057,3961,3337,366.32,PO-4200478,BOL495727,,N,,,,2026-06-08 00:00:00
479,MF-10479,Covered,119,8,El Paso,TX,79901,Albuquerque,NM,87102,2026-08-14,2026-08-16,Reefer,Freshline dairy,11656,1325,3901,3384,337.74,PO-4300479,BOL409242,PRO7739123,N,,,,2026-06-09 00:00:00
480,MF-10480,Delivered,120,144,Newark,NJ,07105,Charlotte,NC,28208,2026-07-27,2026-08-01,Flatbed,Electronics,14637,875,2972,2511,364.99,PO-8100480,BOL808602,PRO8618143,N,,,,2026-06-10 00:00:00
481,MF-10481,In Transit,1,2,Los Angeles,CA,90021,Phoenix,AZ,85043,2026-08-25,2026-08-26,Flatbed,Frozen food,39548,1664,4010,3413,463.31,PO-7900481,BOL566222,,N,,Jamal Singh,555-786-3064,2026-06-11 00:00:00
482,MF-10482,Delivered,2,42,Los Angeles,CA,90021,Phoenix,AZ,85043,2026-08-18,2026-08-20,Flatbed,Plastic resin,43464,1768,4069,3603,452.14,PO-4900482,BOL254569,PRO6752912,Y,,,,2026-06-12 00:00:00
483,MF-10483,Delivered,3,119,Newark,NJ,07105,Charlotte,NC,28208,2026-06-20,2026-06-25,Flatbed,Auto parts,11578,1044,3477,3110,472.68,PO-6200483,BOL304899,PRO4376603,N,,,,2026-06-13 00:00:00
484,MF-10484,Dispatched,4,125,Indianapolis,IN,46225,Columbus,OH,43215,2026-08-23,2026-08-27,Flatbed,Beverages,14871,1110,3923,3224,442.76,PO-4200484,BOL620021,,N,,Kate Johnson,555-792-6499,2026-06-14 00:00:00
485,MF-10485,Delivered,5,73,Indianapolis,IN,46225,Columbus,OH,43215,2026-05-29,2026-05-31,Flatbed,Paper rolls,32635,600,4408,3912,711.74,PO-6500485,BOL293194,PRO1112833,Y,,,,2026-06-15 00:00:00
486,MF-10486,Delivered,6,94,Indianapolis,IN,46225,Columbus,OH,43215,2026-07-11,2026-07-12,Van,Auto parts,31587,269,2196,1906,376.11,PO-4100486,BOL308795,,Y,,,,2026-06-16 00:00:00
487,MF-10487,Delivered,7,1,Detroit,MI,48209,Cleveland,OH,44113,2026-08-03,2026-08-06,Van,Dry grocery,9375,1882,2121,1904,362.83,PO-8300487,BOL243910,PRO2861751,Y,,,,2026-06-17 00:00:00
488,MF-10488,Delivered,8,31,Detroit,MI,48209,Cleveland,OH,44113,2026-07-17,2026-07-21,Reefer,Beverages,36424,1978,3558,3261,639.62,PO-8500488,BOL168553,,Y,,,,2026-06-18 00:00:00
489,MF-10489,Available,9,,Dallas,TX,75212,Atlanta,GA,30318,2026-08-14,2026-08-16,Van,Lumber,28837,1407,2949,,440.68,PO-6700489,BOL767044,,N,,,,2026-06-19 00:00:00
490,MF-10490,Delivered,10,145,Chicago,IL,60608,Newark,NJ,07105,2026-06-18,2026-06-21,Van,Retail freight,41309,1376,3978,3545,665.46,PO-7100490,BOL319401,PRO8896486,Y,,,,2026-06-20 00:00:00
491,MF-10491,Dispatched,11,54,Chicago,IL,60608,Newark,NJ,07105,2026-08-24,2026-08-29,Flatbed,Lumber,39673,1645,2133,1759,250.39,PO-7100491,BOL596771,,N,,Hannah Diaz,555-731-8606,2026-06-21 00:00:00
492,MF-10492,Delivered,12,26,Houston,TX,77029,Los Angeles,CA,90021,2026-07-30,2026-08-01,Reefer,Freshline dairy,32517,701,3140,2839,430.61,PO-7500492,BOL188876,,Y,,,,2026-06-22 00:00:00
493,MF-10493,Delivered,13,30,St. Louis,MO,63102,Kansas City,MO,64120,2026-06-20,2026-06-23,Flatbed,Dry grocery,36344,1017,3944,3262,493.45,PO-6300493,BOL943584,PRO5580506,Y,,,,2026-06-23 00:00:00
494,MF-10494,Delivered,14,34,Minneapolis,MN,55401,Chicago,IL,60608,2026-06-30,2026-07-02,Flatbed,Frozen food,43825,1498,1737,1426,226.12,PO-4500494,BOL924047,,Y,,,,2026-06-24 00:00:00
495,MF-10495,Delivered,15,5,Minneapolis,MN,55401,Chicago,IL,60608,2026-08-16,2026-08-19,Flatbed,Paper rolls,25987,570,4165,3440,459.28,PO-8500495,BOL733375,PRO5381125,Y,,,,2026-06-25 00:00:00
496,MF-10496,Delivered,16,144,Salt Lake City,UT,84104,Boise,ID,83702,2026-07-20,2026-07-23,Reefer,Beverages,17783,1952,1448,1225,190.07,PO-6500496,BOL338633,,Y,,,,2026-06-26 00:00:00
497,MF-10497,Dispatched,17,101,Chicago,IL,60608,Dallas,TX,75212,2026-08-23,2026-08-28,Flatbed,Beverages,35373,609,2169,1822,377.82,PO-6800497,BOL571829,PRO1505062,N,,Tyler Johnson,555-287-6129,2026-06-27 00:00:00
498,MF-10498,Delivered,18,81,El Paso,TX,79901,Albuquerque,NM,87102,2026-07-17,2026-07-18,Flatbed,Retail freight,43232,793,3116,2616,483.80,PO-6000498,BOL715467,,Y,,,,2026-06-28 00:00:00
499,MF-10499,Dispatched,19,95,Chicago,IL,60608,Dallas,TX,75212,2026-08-24,2026-08-27,Flatbed,Electronics,33325,565,2236,2041,193.13,PO-7000499,BOL213915,,N,,Kate Shah,555-600-7247,2026-06-29 00:00:00
500,MF-10500,Cancelled,20,14,Los Angeles,CA,90021,Phoenix,AZ,85043,2026-08-14,2026-08-16,Flatbed,Lumber,40021,234,2127,1668,316.72,PO-5100500,BOL308665,,N,,,,2026-06-30 00:00:00
501,MF-10501,Cancelled,21,38,Newark,NJ,07105,Charlotte,NC,28208,2026-07-30,2026-08-01,Flatbed,Lumber,8723,531,1686,1422,197.03,PO-6000501,BOL530819,PRO2857975,N,,,,2026-07-01 00:00:00
502,MF-10502,Delivered,22,54,Kansas City,MO,64120,Denver,CO,80216,2026-06-25,2026-06-26,Van,Auto parts,39115,505,2668,2242,402.78,PO-7800502,BOL703027,PRO4405319,Y,,,,2026-07-02 00:00:00
503,MF-10503,In Transit,23,1,Indianapolis,IN,46225,Columbus,OH,43215,2026-08-22,2026-08-24,Van,Beverages,40175,1122,3553,2934,486.49,PO-6900503,BOL704118,,N,,Darnell Murphy,555-819-5044,2026-07-03 00:00:00
504,MF-10504,Delivered,24,55,Seattle,WA,98134,Portland,OR,97210,2026-07-12,2026-07-15,Flatbed,Auto parts,38004,967,2135,1934,327.35,PO-8200504,BOL292355,PRO2602797,Y,,,,2026-07-04 00:00:00
505,MF-10505,Delivered,25,36,Kansas City,MO,64120,Denver,CO,80216,2026-07-26,2026-07-28,Flatbed,Lumber,22238,2041,1673,1468,254.70,PO-7100505,BOL531256,PRO3033912,Y,,,,2026-07-05 00:00:00
506,MF-10506,Cancelled,26,142,Indianapolis,IN,46225,Columbus,OH,43215,2026-08-12,2026-08-17,Reefer,Freshline dairy,38288,234,2075,1691,271.01,PO-4400506,BOL769900,PRO8749462,N,,,,2026-07-06 00:00:00
507,MF-10507,Delivered,27,5,Dallas,TX,75212,Atlanta,GA,30318,2026-08-01,2026-08-05,Van,Steel coils,39769,1124,1959,1617,303.39,PO-4400507,BOL186558,PRO5065012,Y,,,,2026-07-07 00:00:00
508,MF-10508,Dispatched,28,36,Chicago,IL,60608,Newark,NJ,07105,2026-08-24,2026-08-28,Van,Auto parts,19039,338,2604,2076,401.39,PO-8200508,BOL900681,,N,,James Cole,555-302-3903,2026-07-08 00:00:00
509,MF-10509,Delivered,29,28,Houston,TX,77029,Los Angeles,CA,90021,2026-07-11,2026-07-13,Flatbed,Dry grocery,42267,1492,3580,2900,535.83,PO-8200509,BOL851210,PRO2724585,Y,,,,2026-07-09 00:00:00
510,MF-10510,Delivered,30,103,Houston,TX,77029,Los Angeles,CA,90021,2026-06-30,2026-07-01,Van,Dry grocery,23632,589,4542,3671,476.77,PO-4500510,BOL116817,PRO1244275,Y,,,,2026-07-10 00:00:00
511,MF-10511,Delivered,31,29,Houston,TX,77029,Los Angeles,CA,90021,2026-05-30,2026-05-31,Van,Auto parts,29439,840,1580,1324,143.41,PO-7500511,BOL757233,,Y,,,,2026-07-11 00:00:00
512,MF-10512,Delivered,32,30,Minneapolis,MN,55401,Chicago,IL,60608,2026-07-02,2026-07-03,Van,Frozen food,8785,977,2111,1651,306.94,PO-5300512,BOL581061,,Y,,,,2026-07-12 00:00:00
513,MF-10513,In Transit,33,52,Minneapolis,MN,55401,Chicago,IL,60608,2026-08-16,2026-08-21,Van,Frozen food,19236,695,1817,1598,289.13,PO-4600513,BOL729006,,N,,Ryan Chen,555-508-9185,2026-07-13 00:00:00
514,MF-10514,In Transit,34,46,Baltimore,MD,21224,Philadelphia,PA,19148,2026-08-16,2026-08-18,Van,Retail freight,41490,1491,3892,3532,486.08,PO-8700514,BOL343715,PRO1222997,N,,Nia Nguyen,555-543-1289,2026-07-14 00:00:00
515,MF-10515,Delivered,35,138,Minneapolis,MN,55401,Chicago,IL,60608,2026-07-17,2026-07-19,Reefer,Beverages,17939,949,1963,1634,215.27,PO-5300515,BOL773226,,N,,,,2026-07-15 00:00:00
516,MF-10516,Available,36,,El Paso,TX,79901,Albuquerque,NM,87102,2026-08-15,2026-08-18,Van,Steel coils,10595,1246,2700,,389.77,PO-6600516,BOL779525,PRO1397508,N,,,,2026-07-16 00:00:00
517,MF-10517,Delivered,37,27,El Paso,TX,79901,Albuquerque,NM,87102,2026-07-13,2026-07-15,Flatbed,Dry grocery,22578,1425,4123,3786,660.28,PO-6400517,BOL646802,,Y,,,,2026-07-17 00:00:00
518,MF-10518,Delivered,38,9,Salt Lake City,UT,84104,Boise,ID,83702,2026-08-17,2026-08-21,Van,Dry grocery,19382,1393,1979,1803,183.17,PO-7500518,BOL971598,PRO4428815,Y,,,,2026-07-18 00:00:00
519,MF-10519,Delivered,39,42,El Paso,TX,79901,Albuquerque,NM,87102,2026-07-02,2026-07-06,Van,Paper rolls,37377,1481,2122,1835,234.08,PO-5200519,BOL385066,PRO9072704,Y,,,,2026-07-19 00:00:00
520,MF-10520,Delivered,40,22,Los Angeles,CA,90021,Phoenix,AZ,85043,2026-07-06,2026-07-10,Reefer,Freshline dairy,39588,220,4410,3707,421.54,PO-8800520,BOL499947,PRO2396415,Y,,,,2026-07-20 00:00:00
521,MF-10521,Dispatched,41,20,Newark,NJ,07105,Charlotte,NC,28208,2026-08-17,2026-08-22,Flatbed,Auto parts,39512,327,3257,2669,443.65,PO-6100521,BOL243294,PRO4283565,N,,Carlos Murphy,555-674-6011,2026-07-21 00:00:00
522,MF-10522,Delivered,42,82,Newark,NJ,07105,Charlotte,NC,28208,2026-08-25,2026-08-26,Flatbed,Retail freight,32454,966,3103,2828,549.38,PO-7100522,BOL422763,PRO2195114,Y,,,,2026-07-22 00:00:00
523,MF-10523,Delivered,43,95,Newark,NJ,07105,Charlotte,NC,28208,2026-08-10,2026-08-14,Van,Paper rolls,30844,1223,2445,2171,379.36,PO-8500523,BOL612357,PRO7177044,Y,,,,2026-07-23 00:00:00
524,MF-10524,In Transit,44,32,Seattle,WA,98134,Portland,OR,97210,2026-08-20,2026-08-22,Reefer,Freshline dairy,18579,205,4189,3353,438.76,PO-4700524,BOL908422,,N,,James Brooks,555-467-8462,2026-07-24 00:00:00
525,MF-10525,Dispatched,45,11,Louisville,KY,40210,Nashville,TN,37210,2026-08-20,2026-08-25,Flatbed,Paper rolls,33086,1380,4233,3480,748.26,PO-5900525,BOL869584,PRO2491048,N,,Sofia Kowalski,555-637-5143,2026-07-25 00:00:00
526,MF-10526,Delivered,46,139,Louisville,KY,40210,Nashville,TN,37210,2026-08-07,2026-08-10,Van,Plastic resin,8103,378,1426,1309,230.50,PO-4400526,BOL911329,PRO9807400,Y,,,,2026-07-26 00:00:00
527,MF-10527,Delivered,47,23,Detroit,MI,48209,Cleveland,OH,44113,2026-07-01,2026-07-03,Reefer,Beverages,37534,1341,3392,2732,593.09,PO-5300527,BOL294655,,Y,,,,2026-07-27 00:00:00
528,MF-10528,Dispatched,48,67,Detroit,MI,48209,Cleveland,OH,44113,2026-08-22,2026-08-26,Flatbed,Electronics,30423,240,1751,1458,188.54,PO-7700528,BOL346184,PRO2691296,N,,Priya Kowalski,555-281-5802,2026-07-28 00:00:00
529,MF-10529,Delivered,49,145,Chicago,IL,60608,Newark,NJ,07105,2026-08-25,2026-08-30,Van,Frozen food,25421,2088,4643,3626,651.41,PO-7100529,BOL596219,PRO8205036,Y,,,,2026-07-29 00:00:00
530,MF-10530,Delivered,50,51,Houston,TX,77029,Los Angeles,CA,90021,2026-07-16,2026-07-18,Flatbed,Plastic resin,14565,186,1634,1497,273.38,PO-6900530,BOL832229,PRO3329735,Y,,,,2026-07-30 00:00:00
531,MF-10531,Delivered,51,128,Chicago,IL,60608,Newark,NJ,07105,2026-06-19,2026-06-22,Van,Retail freight,35074,1532,4210,3672,536.86,PO-5200531,BOL103281,PRO6405343,Y,,,,2026-07-31 00:00:00
532,MF-10532,Delivered,52,121,Charlotte,NC,28208,Jacksonville,FL,32218,2026-08-20,2026-08-23,Reefer,Beverages,36043,2087,4427,3832,390.18,PO-7000532,BOL790318,PRO2685367,Y,,,,2026-08-01 00:00:00
533,MF-10533,Dispatched,53,130,Minneapolis,MN,55401,Chicago,IL,60608,2026-08-17,2026-08-19,Van,Lumber,43962,1971,3439,3066,378.75,PO-6900533,BOL276216,PRO2940765,N,,Jamal Okafor,555-232-3094,2026-08-02 00:00:00
534,MF-10534,In Transit,54,22,Minneapolis,MN,55401,Chicago,IL,60608,2026-08-23,2026-08-25,Flatbed,Frozen food,22442,1652,2737,2480,428.70,PO-5600534,BOL798281,PRO3065243,N,,Priya Chen,555-229-3625,2026-08-03 00:00:00
535,MF-10535,In Transit,55,29,Salt Lake City,UT,84104,Boise,ID,83702,2026-08-25,2026-08-28,Flatbed,Electronics,36636,1835,4078,3547,555.38,PO-5400535,BOL334410,,N,,Darnell Johnson,555-586-7252,2026-08-04 00:00:00
536,MF-10536,Delivered,56,138,St. Louis,MO,63102,Kansas City,MO,64120,2026-08-14,2026-08-17,Flatbed,Paper rolls,28537,958,1875,1612,173.89,PO-7600536,BOL872714,,Y,,,,2026-08-05 00:00:00
537,MF-10537,Delivered,57,44,Salt Lake City,UT,84104,Boise,ID,83702,2026-07-07,2026-07-11,Reefer,Beverages,43277,1925,3819,3097,456.49,PO-6900537,BOL431272,,Y,,,,2026-08-06 00:00:00
538,MF-10538,Available,58,,El Paso,TX,79901,Albuquerque,NM,87102,2026-08-19,2026-08-23,Van,Electronics,10250,1406,2560,,242.14,PO-6000538,BOL423896,PRO3071382,N,,,,2026-08-07 00:00:00
539,MF-10539,Delivered,59,81,Los Angeles,CA,90021,Phoenix,AZ,85043,2026-06-06,2026-06-08,Reefer,Frozen food,22750,1614,2764,2215,419.23,PO-8700539,BOL155119,PRO4003461,Y,,,,2026-08-08 00:00:00
540,MF-10540,Covered,60,3,Newark,NJ,07105,Charlotte,NC,28208,2026-08-22,2026-08-24,Flatbed,Plastic resin,30826,1731,2782,2334,354.27,PO-6500540,BOL510059,,N,,,,2026-08-09 00:00:00
541,MF-10541,Dispatched,61,128,Newark,NJ,07105,Charlotte,NC,28208,2026-08-15,2026-08-17,Flatbed,Plastic resin,17015,1084,4306,3541,626.37,PO-8400541,BOL605876,,N,,Priya Brooks,555-531-1886,2026-08-10 00:00:00
542,MF-10542,Delivered,62,51,Newark,NJ,07105,Charlotte,NC,28208,2026-07-31,2026-08-01,Flatbed,Electronics,35991,1571,4617,4240,437.51,PO-5000542,BOL159067,,Y,,,,2026-08-11 00:00:00
543,MF-10543,Cancelled,63,86,Memphis,TN,38118,Houston,TX,77029,2026-08-19,2026-08-20,Flatbed,Retail freight,34476,681,3830,3220,363.30,PO-4200543,BOL224573,,N,,,,2026-08-12 00:00:00
544,MF-10544,In Transit,64,143,Kansas City,MO,64120,Denver,CO,80216,2026-08-16,2026-08-20,Flatbed,Frozen food,15998,1181,2904,2269,266.19,PO-8100544,BOL801279,PRO4773783,N,,Tyler Murphy,555-481-8292,2026-08-13 00:00:00
545,MF-10545,Delivered,65,145,Louisville,KY,40210,Nashville,TN,37210,2026-07-21,2026-07-22,Flatbed,Auto parts,16207,383,4040,3548,443.74,PO-6000545,BOL166582,PRO4101936,Y,,,,2026-08-14 00:00:00
546,MF-10546,Delivered,66,91,Indianapolis,IN,46225,Columbus,OH,43215,2026-07-06,2026-07-11,Flatbed,Beverages,16132,1723,3795,3246,614.35,PO-8800546,BOL317541,PRO2968404,N,,,,2026-08-15 00:00:00
547,MF-10547,Delivered,67,68,Louisville,KY,40210,Nashville,TN,37210,2026-08-25,2026-08-30,Reefer,Frozen food,24827,1923,3755,3037,360.93,PO-8800547,BOL136705,,N,,,,2026-08-16 00:00:00
548,MF-10548,Delivered,68,22,Dallas,TX,75212,Atlanta,GA,30318,2026-07-10,2026-07-15,Reefer,Frozen food,43002,1091,3527,3197,385.64,PO-4800548,BOL705103,PRO6250195,Y,,,,2026-08-17 00:00:00
549,MF-10549,In Transit,69,86,Chicago,IL,60608,Newark,NJ,07105,2026-08-17,2026-08-22,Van,Frozen food,16795,1413,1980,1627,323.26,PO-7500549,BOL326534,PRO5653927,N,,Maria Walsh,555-237-4081,2026-08-18 00:00:00
550,MF-10550,Delivered,70,33,Phoenix,AZ,85043,Denver,CO,80216,2026-08-16,2026-08-21,Reefer,Beverages,35875,1602,3038,2563,530.05,PO-4900550,BOL661936,,Y,,,,2026-05-01 00:00:00
551,MF-10551,In Transit,71,130,Phoenix,AZ,85043,Denver,CO,80216,2026-08-16,2026-08-18,Reefer,Beverages,36418,956,4765,3819,854.10,PO-4100551,BOL732928,,N,,Brett Cole,555-367-7876,2026-05-02 00:00:00
552,MF-10552,Delivered,72,58,Houston,TX,77029,Los Angeles,CA,90021,2026-05-30,2026-06-04,Van,Retail freight,17589,1959,2886,2618,455.43,PO-5400552,BOL386939,,Y,,,,2026-05-03 00:00:00
553,MF-10553,Delivered,73,144,Charlotte,NC,28208,Jacksonville,FL,32218,2026-07-08,2026-07-09,Van,Auto parts,14261,1263,2655,2289,426.60,PO-6200553,BOL834480,PRO5731119,Y,,,,2026-05-04 00:00:00
554,MF-10554,In Transit,74,44,Charlotte,NC,28208,Jacksonville,FL,32218,2026-08-26,2026-08-28,Reefer,Freshline dairy,41657,1640,3353,2893,355.10,PO-4900554,BOL789504,,N,,Elena Bennett,555-808-7597,2026-05-05 00:00:00
555,MF-10555,Delivered,75,129,Baltimore,MD,21224,Philadelphia,PA,19148,2026-08-19,2026-08-22,Van,Electronics,38714,1208,3275,2638,585.00,PO-5800555,BOL389221,PRO9734129,Y,,,,2026-05-06 00:00:00
556,MF-10556,Available,76,,Baltimore,MD,21224,Philadelphia,PA,19148,2026-08-22,2026-08-23,Reefer,Freshline dairy,13026,1674,1769,,253.79,PO-5500556,BOL198181,,N,,,,2026-05-07 00:00:00
557,MF-10557,Delivered,77,2,El Paso,TX,79901,Albuquerque,NM,87102,2026-06-16,2026-06-20,Reefer,Beverages,42891,1609,3439,2930,618.32,PO-4700557,BOL525167,,Y,,,,2026-05-08 00:00:00
558,MF-10558,Delivered,78,139,Salt Lake City,UT,84104,Boise,ID,83702,2026-07-02,2026-07-07,Reefer,Beverages,10775,1423,4772,4389,832.69,PO-6800558,BOL276718,PRO9783147,Y,,,,2026-05-09 00:00:00
559,MF-10559,Available,79,,Chicago,IL,60608,Dallas,TX,75212,2026-08-25,2026-08-28,Van,Lumber,35703,1194,2847,,498.93,PO-6400559,BOL278765,PRO2899743,N,,,,2026-05-10 00:00:00
560,MF-10560,Delivered,80,38,Atlanta,GA,30318,Miami,FL,33142,2026-06-17,2026-06-18,Reefer,Freshline dairy,22251,2070,1409,1244,192.87,PO-5900560,BOL774206,PRO1594402,Y,,,,2026-05-11 00:00:00
561,MF-10561,Available,81,,Memphis,TN,38118,Houston,TX,77029,2026-08-26,2026-08-29,Van,Electronics,31192,399,3285,,370.73,PO-4000561,BOL466709,PRO4123208,N,,,,2026-05-12 00:00:00
562,MF-10562,Delivered,82,78,Los Angeles,CA,90021,Phoenix,AZ,85043,2026-08-13,2026-08-17,Van,Frozen food,8452,498,2029,1699,347.59,PO-8900562,BOL788530,,Y,,,,2026-05-13 00:00:00
563,MF-10563,Delivered,83,61,Kansas City,MO,64120,Denver,CO,80216,2026-07-18,2026-07-21,Van,Lumber,36793,511,1845,1694,268.68,PO-4800563,BOL470920,PRO1097479,Y,,,,2026-05-14 00:00:00
564,MF-10564,Delivered,84,37,Kansas City,MO,64120,Denver,CO,80216,2026-08-11,2026-08-13,Van,Auto parts,21041,1161,4447,3674,369.82,PO-8200564,BOL378711,,Y,,,,2026-05-15 00:00:00
565,MF-10565,In Transit,85,45,Louisville,KY,40210,Nashville,TN,37210,2026-08-14,2026-08-16,Reefer,Beverages,40768,207,4646,3637,443.94,PO-8900565,BOL817684,,N,,Andre Brooks,555-312-2767,2026-05-16 00:00:00
566,MF-10566,In Transit,86,138,Louisville,KY,40210,Nashville,TN,37210,2026-08-20,2026-08-25,Van,Plastic resin,17993,1673,1738,1540,182.10,PO-7200566,BOL295937,,N,,Nia Kim,555-488-8961,2026-05-17 00:00:00
567,MF-10567,Dispatched,87,120,Detroit,MI,48209,Cleveland,OH,44113,2026-08-15,2026-08-17,Reefer,Freshline dairy,17746,649,2172,1995,302.17,PO-4700567,BOL238722,PRO5594635,N,,Priya Okafor,555-825-3968,2026-05-18 00:00:00
568,MF-10568,Cancelled,88,109,Detroit,MI,48209,Cleveland,OH,44113,2026-07-02,2026-07-03,Van,Frozen food,23166,634,1608,1339,213.06,PO-6100568,BOL546772,PRO9554093,N,,,,2026-05-19 00:00:00
569,MF-10569,Delivered,89,35,Detroit,MI,48209,Cleveland,OH,44113,2026-07-18,2026-07-19,Reefer,Freshline dairy,10679,181,2411,1988,204.35,PO-4300569,BOL792511,PRO4556393,Y,,,,2026-05-20 00:00:00
570,MF-10570,Delivered,90,63,Houston,TX,77029,Los Angeles,CA,90021,2026-06-09,2026-06-10,Van,Steel coils,8895,1578,2889,2388,263.34,PO-7500570,BOL907889,PRO6556810,Y,,,,2026-05-21 00:00:00
571,MF-10571,Delivered,91,107,Phoenix,AZ,85043,Denver,CO,80216,2026-06-11,2026-06-16,Reefer,Beverages,16551,1469,3793,3162,639.95,PO-8700571,BOL731069,,Y,,,,2026-05-22 00:00:00
572,MF-10572,In Transit,92,13,Phoenix,AZ,85043,Denver,CO,80216,2026-08-23,2026-08-27,Van,Lumber,10871,441,4517,3651,686.93,PO-5200572,BOL538527,PRO5236674,N,,Kate Johnson,555-508-8769,2026-05-23 00:00:00
573,MF-10573,Available,93,,Minneapolis,MN,55401,Chicago,IL,60608,2026-08-21,2026-08-25,Flatbed,Frozen food,35459,1252,3186,,276.45,PO-7200573,BOL929303,,N,,,,2026-05-24 00:00:00
574,MF-10574,In Transit,94,95,Minneapolis,MN,55401,Chicago,IL,60608,2026-08-22,2026-08-23,Van,Paper rolls,33175,1331,1707,1371,264.71,PO-8900574,BOL509203,PRO5554916,N,,Andre Diaz,555-745-9412,2026-05-25 00:00:00
575,MF-10575,Delivered,95,28,Minneapolis,MN,55401,Chicago,IL,60608,2026-08-05,2026-08-10,Flatbed,Dry grocery,42411,710,4638,3950,604.71,PO-5900575,BOL993884,,Y,,,,2026-05-26 00:00:00
576,MF-10576,Dispatched,96,6,St. Louis,MO,63102,Kansas City,MO,64120,2026-08-24,2026-08-26,Flatbed,Paper rolls,11376,1495,2537,2308,271.57,PO-5500576,BOL963408,,N,,Mei Patel,555-854-3427,2026-05-27 00:00:00
577,MF-10577,Delivered,97,52,El Paso,TX,79901,Albuquerque,NM,87102,2026-06-06,2026-06-11,Reefer,Frozen food,27326,844,3649,2981,340.67,PO-4300577,BOL756361,PRO6964017,Y,,,,2026-05-28 00:00:00
578,MF-10578,Delivered,98,3,Chicago,IL,60608,Dallas,TX,75212,2026-08-03,2026-08-06,Flatbed,Electronics,24865,1961,4454,3903,777.52,PO-8000578,BOL765117,PRO4458774,Y,,,,2026-05-29 00:00:00
579,MF-10579,Covered,99,27,Chicago,IL,60608,Dallas,TX,75212,2026-08-21,2026-08-24,Flatbed,Plastic resin,36436,934,2037,1716,311.62,PO-4900579,BOL602275,,N,,,,2026-05-30 00:00:00
580,MF-10580,Delivered,100,95,Atlanta,GA,30318,Miami,FL,33142,2026-08-03,2026-08-05,Reefer,Beverages,33834,1587,2670,2143,261.06,PO-7800580,BOL296972,,Y,,,,2026-05-31 00:00:00
581,MF-10581,Delivered,101,13,Los Angeles,CA,90021,Phoenix,AZ,85043,2026-06-28,2026-07-02,Flatbed,Lumber,32764,966,4473,3994,627.69,PO-4100581,BOL215380,PRO1733836,Y,,,,2026-06-01 00:00:00
582,MF-10582,Delivered,102,113,Los Angeles,CA,90021,Phoenix,AZ,85043,2026-07-22,2026-07-24,Flatbed,Dry grocery,30176,1926,1438,1314,130.33,PO-8500582,BOL189092,,Y,,,,2026-06-02 00:00:00
583,MF-10583,In Transit,103,46,Indianapolis,IN,46225,Columbus,OH,43215,2026-08-24,2026-08-27,Reefer,Frozen food,27447,390,1486,1330,134.16,PO-7200583,BOL977116,PRO1020307,N,,Maria Bennett,555-473-3016,2026-06-03 00:00:00
584,MF-10584,Available,104,,Memphis,TN,38118,Houston,TX,77029,2026-08-23,2026-08-27,Reefer,Freshline dairy,33214,1586,4084,,443.87,PO-8500584,BOL962752,PRO9251380,N,,,,2026-06-04 00:00:00
585,MF-10585,Delivered,105,37,Kansas City,MO,64120,Denver,CO,80216,2026-07-28,2026-07-29,Reefer,Frozen food,13557,2014,1884,1564,324.93,PO-4200585,BOL733870,,Y,,,,2026-06-05 00:00:00
586,MF-10586,Delivered,106,121,Louisville,KY,40210,Nashville,TN,37210,2026-06-10,2026-06-12,Reefer,Beverages,14810,735,3959,3541,454.65,PO-7100586,BOL793875,PRO5452689,Y,,,,2026-06-06 00:00:00
587,MF-10587,Covered,107,20,Seattle,WA,98134,Portland,OR,97210,2026-08-14,2026-08-15,Flatbed,Auto parts,39354,1848,2711,2170,337.98,PO-4400587,BOL218661,PRO5672054,N,,,,2026-06-07 00:00:00
588,MF-10588,Delivered,108,142,Dallas,TX,75212,Atlanta,GA,30318,2026-08-09,2026-08-11,Reefer,Freshline dairy,29853,463,3371,2956,409.22,PO-8100588,BOL357853,PRO9339992,Y,,,,2026-06-08 00:00:00
589,MF-10589,In Transit,109,30,Houston,TX,77029,Los Angeles,CA,90021,2026-08-18,2026-08-23,Reefer,Frozen food,21322,1922,4279,3389,497.10,PO-4100589,BOL480002,PRO3241313,N,,Jamal Chen,555-739-4593,2026-06-09 00:00:00
590,MF-10590,Available,110,,Dallas,TX,75212,Atlanta,GA,30318,2026-08-21,2026-08-24,Van,Steel coils,35595,676,3285,,310.15,PO-5300590,BOL968034,,N,,,,2026-06-10 00:00:00
591,MF-10591,Dispatched,111,53,Chicago,IL,60608,Newark,NJ,07105,2026-08-15,2026-08-17,Flatbed,Dry grocery,18366,241,4114,3543,525.29,PO-4900591,BOL482986,,N,,Sofia Ali,555-255-2736,2026-06-11 00:00:00
592,MF-10592,Delivered,112,20,Houston,TX,77029,Los Angeles,CA,90021,2026-06-14,2026-06-18,Van,Beverages,38814,1022,4464,3811,780.65,PO-8600592,BOL453723,PRO1221617,Y,,,,2026-06-12 00:00:00
593,MF-10593,Delivered,113,107,Charlotte,NC,28208,Jacksonville,FL,32218,2026-08-18,2026-08-19,Van,Lumber,37772,1314,3023,2710,447.37,PO-8500593,BOL969812,,Y,,,,2026-06-13 00:00:00
594,MF-10594,In Transit,114,61,St. Louis,MO,63102,Kansas City,MO,64120,2026-08-15,2026-08-17,Van,Steel coils,22346,983,4443,3597,630.48,PO-5100594,BOL962458,PRO2295356,N,,Darnell Okafor,555-586-3050,2026-06-14 00:00:00
595,MF-10595,Covered,115,118,Salt Lake City,UT,84104,Boise,ID,83702,2026-08-19,2026-08-22,Flatbed,Plastic resin,32345,1504,4788,3989,409.22,PO-6700595,BOL304189,,N,,,,2026-06-15 00:00:00
596,MF-10596,Delivered,116,4,Salt Lake City,UT,84104,Boise,ID,83702,2026-06-09,2026-06-12,Van,Steel coils,28258,564,1836,1448,256.51,PO-7500596,BOL311524,PRO1543024,Y,,,,2026-06-16 00:00:00
597,MF-10597,Delivered,117,6,Baltimore,MD,21224,Philadelphia,PA,19148,2026-06-14,2026-06-19,Flatbed,Beverages,31373,1719,2688,2131,297.99,PO-5800597,BOL517476,PRO6275972,N,,,,2026-06-17 00:00:00
598,MF-10598,Dispatched,118,46,Chicago,IL,60608,Dallas,TX,75212,2026-08-24,2026-08-25,Reefer,Frozen food,27013,510,3353,2890,553.92,PO-4900598,BOL815520,PRO2565160,N,,Brett Brooks,555-224-7260,2026-06-18 00:00:00
599,MF-10599,Cancelled,119,142,Chicago,IL,60608,Dallas,TX,75212,2026-07-29,2026-07-31,Flatbed,Auto parts,42294,2085,3454,2943,528.02,PO-8900599,BOL457999,PRO3201130,N,,,,2026-06-19 00:00:00
600,MF-10600,Delivered,120,6,Los Angeles,CA,90021,Phoenix,AZ,85043,2026-06-07,2026-06-11,Flatbed,Plastic resin,40605,379,3900,3373,685.63,PO-4000600,BOL249550,PRO6193258,Y,,,,2026-06-20 00:00:00
601,MF-10601,In Transit,1,72,Atlanta,GA,30318,Miami,FL,33142,2026-08-19,2026-08-20,Reefer,Freshline dairy,38195,708,2847,2256,278.77,PO-7000601,BOL368463,PRO8416290,N,,Keisha Nguyen,555-486-6952,2026-06-21 00:00:00
602,MF-10602,In Transit,2,78,Newark,NJ,07105,Charlotte,NC,28208,2026-08-25,2026-08-30,Van,Retail freight,28555,945,3205,2664,527.17,PO-4500602,BOL815339,PRO8551295,N,,Mei Murphy,555-618-3113,2026-06-22 00:00:00
603,MF-10603,Delivered,3,138,Newark,NJ,07105,Charlotte,NC,28208,2026-06-07,2026-06-08,Van,Lumber,34167,1928,1831,1502,175.45,PO-4400603,BOL333886,PRO8755747,N,,,,2026-06-23 00:00:00
604,MF-10604,In Transit,4,115,Indianapolis,IN,46225,Columbus,OH,43215,2026-08-19,2026-08-23,Flatbed,Beverages,29543,312,3025,2684,302.34,PO-6000604,BOL459057,PRO9158676,N,,Priya Nguyen,555-384-2775,2026-06-24 00:00:00
605,MF-10605,Delivered,5,72,Louisville,KY,40210,Nashville,TN,37210,2026-08-11,2026-08-14,Van,Lumber,10052,1411,3324,2660,336.88,PO-8900605,BOL498757,,Y,,,,2026-06-25 00:00:00
606,MF-10606,Covered,6,7,Detroit,MI,48209,Cleveland,OH,44113,2026-08-19,2026-08-21,Van,Dry grocery,19541,351,4507,3946,482.18,PO-4900606,BOL172623,,N,,,,2026-06-26 00:00:00
607,MF-10607,Delivered,7,28,Dallas,TX,75212,Atlanta,GA,30318,2026-07-03,2026-07-08,Flatbed,Steel coils,30414,1722,1620,1284,275.67,PO-5900607,BOL272525,,Y,,,,2026-06-27 00:00:00
608,MF-10608,Available,8,,Chicago,IL,60608,Newark,NJ,07105,2026-08-19,2026-08-24,Flatbed,Auto parts,33502,1865,4253,,526.00,PO-4000608,BOL688155,PRO4331283,N,,,,2026-06-28 00:00:00
609,MF-10609,Delivered,9,2,Dallas,TX,75212,Atlanta,GA,30318,2026-07-15,2026-07-18,Van,Beverages,34632,718,3445,3103,314.74,PO-7300609,BOL857371,,Y,,,,2026-06-29 00:00:00
610,MF-10610,Delivered,10,114,Chicago,IL,60608,Newark,NJ,07105,2026-06-05,2026-06-09,Flatbed,Frozen food,43788,1765,4454,4084,543.47,PO-5000610,BOL730134,PRO6839906,N,,,,2026-06-30 00:00:00
611,MF-10611,Delivered,11,2,Houston,TX,77029,Los Angeles,CA,90021,2026-05-31,2026-06-05,Reefer,Frozen food,40711,1508,2657,2259,443.12,PO-6900611,BOL534166,PRO6909123,Y,,,,2026-07-01 00:00:00
612,MF-10612,Covered,12,15,Minneapolis,MN,55401,Chicago,IL,60608,2026-08-18,2026-08-21,Van,Beverages,18659,1291,3154,2624,426.66,PO-6700612,BOL500098,,N,,,,2026-07-02 00:00:00
613,MF-10613,In Transit,13,128,St. Louis,MO,63102,Kansas City,MO,64120,2026-08-16,2026-08-19,Flatbed,Frozen food,43699,384,3924,3572,354.60,PO-8000613,BOL565676,PRO1547533,N,,Darnell Garcia,555-291-1269,2026-07-03 00:00:00
614,MF-10614,In Transit,14,143,Baltimore,MD,21224,Philadelphia,PA,19148,2026-08-23,2026-08-25,Reefer,Freshline dairy,35062,2039,2836,2596,486.10,PO-8100614,BOL838024,PRO7640565,N,,Priya Singh,555-680-3038,2026-07-04 00:00:00
615,MF-10615,Delivered,15,37,Baltimore,MD,21224,Philadelphia,PA,19148,2026-07-28,2026-08-02,Reefer,Freshline dairy,8272,2023,4656,4224,685.97,PO-6600615,BOL134261,,Y,,,,2026-07-05 00:00:00
616,MF-10616,Delivered,16,44,Salt Lake City,UT,84104,Boise,ID,83702,2026-06-20,2026-06-25,Reefer,Beverages,33776,1876,2390,2050,284.74,PO-4300616,BOL940257,PRO8199144,Y,,,,2026-07-06 00:00:00
617,MF-10617,Delivered,17,44,Chicago,IL,60608,Dallas,TX,75212,2026-08-03,2026-08-07,Flatbed,Auto parts,15757,1473,1807,1589,167.39,PO-7600617,BOL922378,PRO5365936,Y,,,,2026-07-07 00:00:00
618,MF-10618,Covered,18,12,El Paso,TX,79901,Albuquerque,NM,87102,2026-08-21,2026-08-23,Van,Dry grocery,18030,236,3191,2494,501.00,PO-7900618,BOL841947,PRO2321583,N,,,,2026-07-08 00:00:00
619,MF-10619,In Transit,19,72,El Paso,TX,79901,Albuquerque,NM,87102,2026-08-15,2026-08-17,Flatbed,Retail freight,32779,1757,2616,2111,429.14,PO-5600619,BOL791281,,N,,Keisha Walsh,555-868-4633,2026-07-09 00:00:00
620,MF-10620,Delivered,20,114,Atlanta,GA,30318,Miami,FL,33142,2026-06-06,2026-06-07,Flatbed,Frozen food,25170,2012,3840,3061,361.66,PO-5100620,BOL197283,,Y,,,,2026-07-10 00:00:00
621,MF-10621,Covered,21,78,Los Angeles,CA,90021,Phoenix,AZ,85043,2026-08-20,2026-08-21,Van,Plastic resin,21781,1587,1701,1442,242.51,PO-6600621,BOL493482,PRO8564486,N,,,,2026-07-11 00:00:00
622,MF-10622,Covered,22,23,Newark,NJ,07105,Charlotte,NC,28208,2026-08-22,2026-08-23,Flatbed,Electronics,30466,890,3985,3446,331.33,PO-7000622,BOL743830,PRO1084130,N,,,,2026-07-12 00:00:00
623,MF-10623,Delivered,23,107,Kansas City,MO,64120,Denver,CO,80216,2026-08-10,2026-08-12,Van,Lumber,31913,415,3496,3099,355.30,PO-5300623,BOL130930,,N,,,,2026-07-13 00:00:00
624,MF-10624,Delivered,24,77,Kansas City,MO,64120,Denver,CO,80216,2026-07-22,2026-07-25,Van,Frozen food,40492,1073,3658,3187,463.48,PO-7200624,BOL519369,PRO5195866,Y,,,,2026-07-14 00:00:00
625,MF-10625,Delivered,25,99,Seattle,WA,98134,Portland,OR,97210,2026-07-06,2026-07-07,Flatbed,Steel coils,37239,1047,2243,2049,288.86,PO-7800625,BOL883369,,Y,,,,2026-07-15 00:00:00
626,MF-10626,Delivered,26,61,Indianapolis,IN,46225,Columbus,OH,43215,2026-06-09,2026-06-13,Van,Electronics,10212,1227,3991,3570,498.64,PO-5600626,BOL715377,PRO9900282,Y,,,,2026-07-16 00:00:00
627,MF-10627,Delivered,27,45,Seattle,WA,98134,Portland,OR,97210,2026-08-11,2026-08-13,Reefer,Freshline dairy,28607,430,2281,1988,267.33,PO-4000627,BOL434064,PRO6517512,Y,,,,2026-07-17 00:00:00
628,MF-10628,Delivered,28,9,Dallas,TX,75212,Atlanta,GA,30318,2026-07-27,2026-08-01,Reefer,Beverages,12903,1355,2290,1819,246.87,PO-8100628,BOL542237,PRO8301537,Y,,,,2026-07-18 00:00:00
629,MF-10629,Delivered,29,7,Chicago,IL,60608,Newark,NJ,07105,2026-07-31,2026-08-02,Reefer,Frozen food,29422,1390,3125,2489,391.50,PO-6400629,BOL347906,PRO5782125,Y,,,,2026-07-19 00:00:00
630,MF-10630,Delivered,30,17,Dallas,TX,75212,Atlanta,GA,30318,2026-06-27,2026-06-30,Reefer,Beverages,38794,374,1560,1290,127.34,PO-6600630,BOL858386,,Y,,,,2026-07-20 00:00:00
631,MF-10631,Delivered,31,94,Phoenix,AZ,85043,Denver,CO,80216,2026-07-05,2026-07-06,Reefer,Beverages,15956,1906,2622,2300,328.95,PO-6300631,BOL747995,,N,,,,2026-07-21 00:00:00
632,MF-10632,Delivered,32,45,Houston,TX,77029,Los Angeles,CA,90021,2026-08-08,2026-08-09,Flatbed,Plastic resin,32174,1851,1760,1419,299.60,PO-7400632,BOL105181,PRO1880652,Y,,,,2026-07-22 00:00:00
633,MF-10633,Delivered,33,39,Phoenix,AZ,85043,Denver,CO,80216,2026-08-11,2026-08-12,Van,Steel coils,19163,2074,3909,3482,461.09,PO-4800633,BOL711795,PRO3118772,Y,,,,2026-07-23 00:00:00
634,MF-10634,Delivered,34,114,Minneapolis,MN,55401,Chicago,IL,60608,2026-06-12,2026-06-16,Reefer,Frozen food,26385,839,2385,2053,348.51,PO-8900634,BOL866367,PRO2540137,Y,,,,2026-07-24 00:00:00
635,MF-10635,Delivered,35,94,Baltimore,MD,21224,Philadelphia,PA,19148,2026-08-15,2026-08-18,Van,Paper rolls,8860,1553,1707,1563,146.85,PO-5300635,BOL590891,PRO4152731,Y,,,,2026-07-25 00:00:00
636,MF-10636,In Transit,36,141,Salt Lake City,UT,84104,Boise,ID,83702,2026-08-23,2026-08-28,Flatbed,Lumber,31831,969,3466,2754,322.36,PO-6800636,BOL750618,PRO7714324,N,,Omar Kim,555-664-3523,2026-07-26 00:00:00
637,MF-10637,Delivered,37,124,El Paso,TX,79901,Albuquerque,NM,87102,2026-07-02,2026-07-04,Reefer,Beverages,23765,213,3288,2967,508.00,PO-6900637,BOL296114,,Y,,,,2026-07-27 00:00:00
638,MF-10638,Delivered,38,16,Atlanta,GA,30318,Miami,FL,33142,2026-07-11,2026-07-14,Flatbed,Frozen food,41287,863,2268,1816,295.34,PO-4300638,BOL562779,,Y,,,,2026-07-28 00:00:00
639,MF-10639,Delivered,39,38,Los Angeles,CA,90021,Phoenix,AZ,85043,2026-07-02,2026-07-04,Van,Plastic resin,36414,403,2530,2160,327.28,PO-8300639,BOL152294,PRO2863660,Y,,,,2026-07-29 00:00:00
640,MF-10640,Delivered,40,35,Chicago,IL,60608,Dallas,TX,75212,2026-08-21,2026-08-26,Van,Frozen food,34513,982,2528,2051,359.03,PO-6500640,BOL206225,,Y,,,,2026-07-30 00:00:00
641,MF-10641,Covered,41,22,Newark,NJ,07105,Charlotte,NC,28208,2026-08-19,2026-08-21,Van,Retail freight,8203,373,4008,3287,559.64,PO-5100641,BOL627685,PRO8998677,N,,,,2026-07-31 00:00:00
642,MF-10642,Dispatched,42,124,Newark,NJ,07105,Charlotte,NC,28208,2026-08-24,2026-08-27,Van,Auto parts,9364,543,1452,1267,178.29,PO-5600642,BOL180716,,N,,Keisha Johnson,555-666-3323,2026-08-01 00:00:00
643,MF-10643,Dispatched,43,76,Newark,NJ,07105,Charlotte,NC,28208,2026-08-17,2026-08-20,Flatbed,Dry grocery,27048,1890,1585,1418,216.71,PO-5400643,BOL650784,PRO3459253,N,,Nia Walsh,555-683-2792,2026-08-02 00:00:00
644,MF-10644,Dispatched,44,68,Memphis,TN,38118,Houston,TX,77029,2026-08-22,2026-08-25,Reefer,Beverages,29871,2005,3279,2563,377.95,PO-7300644,BOL912149,PRO9126125,N,,Carlos Diaz,555-459-6968,2026-08-03 00:00:00
645,MF-10645,Delivered,45,29,Kansas City,MO,64120,Denver,CO,80216,2026-08-07,2026-08-11,Flatbed,Auto parts,36227,916,1526,1242,235.16,PO-5300645,BOL880523,,Y,,,,2026-08-04 00:00:00
646,MF-10646,Available,46,,Detroit,MI,48209,Cleveland,OH,44113,2026-08-16,2026-08-17,Reefer,Freshline dairy,30861,1998,3558,,346.89,PO-6100646,BOL510020,PRO5634657,N,,,,2026-08-05 00:00:00
647,MF-10647,Delivered,47,128,Seattle,WA,98134,Portland,OR,97210,2026-06-12,2026-06-17,Reefer,Frozen food,30740,770,3263,2804,519.64,PO-4700647,BOL108739,PRO3468450,Y,,,,2026-08-06 00:00:00
648,MF-10648,Delivered,48,112,Detroit,MI,48209,Cleveland,OH,44113,2026-06-20,2026-06-23,Flatbed,Auto parts,37744,263,2580,2035,282.44,PO-5300648,BOL396765,PRO3070908,Y,,,,2026-08-07 00:00:00
649,MF-10649,Delivered,49,50,Chicago,IL,60608,Newark,NJ,07105,2026-08-25,2026-08-29,Flatbed,Dry grocery,40898,1542,1964,1628,212.75,PO-8900649,BOL687988,,N,,,,2026-08-08 00:00:00
650,MF-10650,Delivered,50,63,Houston,TX,77029,Los Angeles,CA,90021,2026-08-07,2026-08-09,Flatbed,Frozen food,33312,1045,1531,1295,176.77,PO-6500650,BOL202905,PRO6067099,Y,,,,2026-08-09 00:00:00
651,MF-10651,In Transit,51,121,Houston,TX,77029,Los Angeles,CA,90021,2026-08-17,2026-08-21,Reefer,Frozen food,27486,1340,3670,2965,405.53,PO-8000651,BOL583555,PRO7307661,N,,Ryan Hernandez,555-338-7820,2026-08-10 00:00:00
652,MF-10652,Dispatched,52,89,Minneapolis,MN,55401,Chicago,IL,60608,2026-08-25,2026-08-27,Reefer,Beverages,9813,2048,3310,2776,400.60,PO-7500652,BOL127705,PRO8061842,N,,Hannah Wright,555-562-8006,2026-08-11 00:00:00
653,MF-10653,Delivered,53,144,Charlotte,NC,28208,Jacksonville,FL,32218,2026-06-08,2026-06-11,Van,Electronics,27224,289,1921,1665,326.55,PO-8800653,BOL986159,PRO7760247,Y,,,,2026-08-12 00:00:00
654,MF-10654,In Transit,54,72,Baltimore,MD,21224,Philadelphia,PA,19148,2026-08-14,2026-08-19,Van,Frozen food,39553,1594,2765,2386,448.47,PO-6100654,BOL163821,,N,,Maria Hernandez,555-865-2753,2026-08-13 00:00:00
655,MF-10655,In Transit,55,87,Minneapolis,MN,55401,Chicago,IL,60608,2026-08-15,2026-08-17,Van,Lumber,8422,1829,2632,2284,399.84,PO-7100655,BOL753959,PRO2924495,N,,Nia Brooks,555-428-3535,2026-08-14 00:00:00
656,MF-10656,Delivered,56,87,Baltimore,MD,21224,Philadelphia,PA,19148,2026-06-09,2026-06-10,Van,Paper rolls,33605,293,3340,2616,436.14,PO-4700656,BOL414492,PRO4087744,Y,,,,2026-08-15 00:00:00
657,MF-10657,Covered,57,119,El Paso,TX,79901,Albuquerque,NM,87102,2026-08-17,2026-08-21,Flatbed,Frozen food,17285,1856,3170,2537,260.47,PO-8700657,BOL789402,,N,,,,2026-08-16 00:00:00
658,MF-10658,In Transit,58,38,El Paso,TX,79901,Albuquerque,NM,87102,2026-08-19,2026-08-23,Reefer,Frozen food,38406,1033,3002,2503,480.28,PO-6700658,BOL255363,,N,,Jamal Diaz,555-576-5508,2026-08-17 00:00:00
659,MF-10659,Delivered,59,39,Los Angeles,CA,90021,Phoenix,AZ,85043,2026-08-24,2026-08-29,Van,Electronics,38038,747,2852,2608,361.61,PO-4000659,BOL266004,PRO9442389,Y,,,,2026-08-18 00:00:00
660,MF-10660,Delivered,60,23,Newark,NJ,07105,Charlotte,NC,28208,2026-06-21,2026-06-22,Flatbed,Auto parts,17177,750,4345,3731,547.24,PO-8800660,BOL790428,,Y,,,,2026-05-01 00:00:00
661,MF-10661,Delivered,61,107,Memphis,TN,38118,Houston,TX,77029,2026-07-08,2026-07-12,Flatbed,Auto parts,16481,1609,3476,3088,460.72,PO-6000661,BOL717456,PRO6840068,Y,,,,2026-05-02 00:00:00
662,MF-10662,In Transit,62,4,Kansas City,MO,64120,Denver,CO,80216,2026-08-25,2026-08-26,Flatbed,Auto parts,23173,1760,3445,3137,439.72,PO-8600662,BOL934252,,N,,Anika Garcia,555-881-2740,2026-05-03 00:00:00
663,MF-10663,Available,63,,Memphis,TN,38118,Houston,TX,77029,2026-08-15,2026-08-19,Reefer,Frozen food,15502,256,1653,,233.39,PO-8700663,BOL176421,PRO7280082,N,,,,2026-05-04 00:00:00
664,MF-10664,In Transit,64,14,Memphis,TN,38118,Houston,TX,77029,2026-08-24,2026-08-27,Flatbed,Beverages,26749,641,2201,1794,272.38,PO-5200664,BOL878204,,N,,Andre Brooks,555-852-4272,2026-05-05 00:00:00
665,MF-10665,Covered,65,4,Indianapolis,IN,46225,Columbus,OH,43215,2026-08-25,2026-08-30,Flatbed,Frozen food,8343,916,2233,1752,210.03,PO-8900665,BOL527847,PRO2207374,N,,,,2026-05-06 00:00:00
666,MF-10666,Delivered,66,97,Detroit,MI,48209,Cleveland,OH,44113,2026-08-01,2026-08-03,Reefer,Freshline dairy,36762,1055,3688,3317,590.67,PO-8000666,BOL494388,PRO2311035,Y,,,,2026-05-07 00:00:00
667,MF-10667,Delivered,67,81,Detroit,MI,48209,Cleveland,OH,44113,2026-08-13,2026-08-14,Van,Dry grocery,26998,2068,2755,2157,446.68,PO-5600667,BOL509391,PRO2140059,Y,,,,2026-05-08 00:00:00
668,MF-10668,Covered,68,91,Detroit,MI,48209,Cleveland,OH,44113,2026-08-22,2026-08-23,Flatbed,Paper rolls,34163,1446,3520,3204,457.62,PO-4300668,BOL672461,PRO2860164,N,,,,2026-05-09 00:00:00
669,MF-10669,In Transit,69,5,Chicago,IL,60608,Newark,NJ,07105,2026-08-16,2026-08-17,Reefer,Freshline dairy,12084,662,2236,1915,342.97,PO-7100669,BOL176453,PRO1593277,N,,Ryan Johnson,555-260-3282,2026-05-10 00:00:00
670,MF-10670,Delivered,70,138,Dallas,TX,75212,Atlanta,GA,30318,2026-07-03,2026-07-08,Flatbed,Frozen food,10735,393,3361,3066,359.80,PO-4200670,BOL620719,PRO6876348,Y,,,,2026-05-11 00:00:00
671,MF-10671,Delivered,71,8,Phoenix,AZ,85043,Denver,CO,80216,2026-07-27,2026-07-28,Van,Paper rolls,39599,286,2953,2585,454.15,PO-6400671,BOL902875,PRO3101134,Y,,,,2026-05-12 00:00:00
672,MF-10672,Delivered,72,15,Minneapolis,MN,55401,Chicago,IL,60608,2026-06-16,2026-06-18,Reefer,Frozen food,11796,667,2906,2409,332.19,PO-5400672,BOL196459,PRO4810540,Y,,,,2026-05-13 00:00:00
673,MF-10673,Delivered,73,8,Phoenix,AZ,85043,Denver,CO,80216,2026-08-24,2026-08-26,Van,Dry grocery,24006,778,2139,1753,238.31,PO-4800673,BOL735566,PRO3053134,Y,,,,2026-05-14 00:00:00
674,MF-10674,In Transit,74,27,Charlotte,NC,28208,Jacksonville,FL,32218,2026-08-22,2026-08-27,Reefer,Frozen food,28896,1609,4077,3319,690.23,PO-7400674,BOL627900,,N,,Tyler Kim,555-575-5795,2026-05-15 00:00:00
675,MF-10675,Delivered,75,36,Salt Lake City,UT,84104,Boise,ID,83702,2026-06-07,2026-06-11,Van,Paper rolls,21812,431,3533,2869,544.76,PO-6300675,BOL860124,PRO3381714,Y,,,,2026-05-16 00:00:00
676,MF-10676,Delivered,76,118,Baltimore,MD,21224,Philadelphia,PA,19148,2026-05-28,2026-06-01,Reefer,Frozen food,27687,1874,1538,1257,213.51,PO-4500676,BOL162621,,N,,,,2026-05-17 00:00:00
677,MF-10677,In Transit,77,54,Chicago,IL,60608,Dallas,TX,75212,2026-08-26,2026-08-30,Reefer,Frozen food,43490,1742,3581,2819,395.75,PO-6200677,BOL127254,PRO6640806,N,,Ryan Murphy,555-388-8062,2026-05-18 00:00:00
678,MF-10678,Available,78,,Chicago,IL,60608,Dallas,TX,75212,2026-08-14,2026-08-19,Van,Dry grocery,36447,1953,2796,,426.61,PO-6700678,BOL920628,PRO1958290,N,,,,2026-05-19 00:00:00
679,MF-10679,Covered,79,91,Los Angeles,CA,90021,Phoenix,AZ,85043,2026-08-15,2026-08-18,Reefer,Beverages,18652,960,4345,3734,573.07,PO-6900679,BOL881853,PRO4996784,N,,,,2026-05-20 00:00:00
680,MF-10680,Delivered,80,11,Chicago,IL,60608,Dallas,TX,75212,2026-07-21,2026-07-24,Van,Lumber,31704,730,3739,3122,529.27,PO-8200680,BOL362682,PRO1207016,Y,,,,2026-05-21 00:00:00
681,MF-10681,Delivered,81,67,Newark,NJ,07105,Charlotte,NC,28208,2026-07-23,2026-07-25,Reefer,Freshline dairy,22276,1016,1551,1419,198.56,PO-4300681,BOL707723,PRO5637988,N,,,,2026-05-22 00:00:00
682,MF-10682,Available,82,,Memphis,TN,38118,Houston,TX,77029,2026-08-25,2026-08-29,Van,Steel coils,25009,1959,4537,,719.90,PO-7100682,BOL233402,,N,,,,2026-05-23 00:00:00
683,MF-10683,Delivered,83,118,Newark,NJ,07105,Charlotte,NC,28208,2026-07-27,2026-07-28,Van,Auto parts,22939,304,3203,2758,269.68,PO-8500683,BOL371638,PRO1270418,Y,,,,2026-05-24 00:00:00
684,MF-10684,In Transit,84,103,Indianapolis,IN,46225,Columbus,OH,43215,2026-08-18,2026-08-19,Van,Retail freight,29350,1348,1863,1586,193.19,PO-6300684,BOL969414,PRO7978813,N,,Priya Nguyen,555-719-8271,2026-05-25 00:00:00
685,MF-10685,Delivered,85,4,Louisville,KY,40210,Nashville,TN,37210,2026-07-20,2026-07-22,Reefer,Freshline dairy,27271,1453,3071,2781,360.76,PO-4100685,BOL268100,PRO5880032,Y,,,,2026-05-26 00:00:00
686,MF-10686,Available,86,,Indianapolis,IN,46225,Columbus,OH,43215,2026-08-25,2026-08-30,Van,Retail freight,41304,1784,3492,,529.31,PO-7700686,BOL847467,,N,,,,2026-05-27 00:00:00
687,MF-10687,Delivered,87,53,Seattle,WA,98134,Portland,OR,97210,2026-06-02,2026-06-04,Flatbed,Frozen food,43928,1683,2319,1992,416.91,PO-6600687,BOL665148,PRO9854283,Y,,,,2026-05-28 00:00:00
688,MF-10688,Dispatched,88,87,Chicago,IL,60608,Newark,NJ,07105,2026-08-16,2026-08-21,Reefer,Freshline dairy,31721,652,2746,2235,430.47,PO-6900688,BOL430108,PRO2936374,N,,Ryan Shah,555-500-4998,2026-05-29 00:00:00
689,MF-10689,In Transit,89,51,Houston,TX,77029,Los Angeles,CA,90021,2026-08-15,2026-08-19,Van,Retail freight,35449,650,4076,3455,419.97,PO-7600689,BOL968033,PRO3101870,N,,Elena Okafor,555-278-6935,2026-05-30 00:00:00
690,MF-10690,Available,90,,Chicago,IL,60608,Newark,NJ,07105,2026-08-14,2026-08-18,Flatbed,Electronics,25057,1809,4127,,387.17,PO-5800690,BOL458163,,N,,,,2026-05-31 00:00:00
691,MF-10691,Delivered,91,97,Charlotte,NC,28208,Jacksonville,FL,32218,2026-06-22,2026-06-24,Reefer,Frozen food,38792,1701,1463,1175,178.28,PO-4600691,BOL232537,PRO8238024,Y,,,,2026-06-01 00:00:00
692,MF-10692,Delivered,92,86,Phoenix,AZ,85043,Denver,CO,80216,2026-08-16,2026-08-18,Flatbed,Plastic resin,23822,1638,2851,2274,426.77,PO-5800692,BOL224811,,Y,,,,2026-06-02 00:00:00
693,MF-10693,Covered,93,109,Minneapolis,MN,55401,Chicago,IL,60608,2026-08-17,2026-08-22,Van,Dry grocery,37418,2045,1702,1503,196.57,PO-6600693,BOL761475,PRO8309667,N,,,,2026-06-03 00:00:00
694,MF-10694,Delivered,94,136,Baltimore,MD,21224,Philadelphia,PA,19148,2026-05-28,2026-05-30,Van,Electronics,32240,1560,3486,2759,591.09,PO-8100694,BOL575557,PRO8358269,Y,,,,2026-06-04 00:00:00
695,MF-10695,Delivered,95,39,Baltimore,MD,21224,Philadelphia,PA,19148,2026-08-13,2026-08-15,Reefer,Frozen food,35963,764,3551,3058,583.81,PO-6000695,BOL502724,,Y,,,,2026-06-05 00:00:00
696,MF-10696,Delivered,96,63,Baltimore,MD,21224,Philadelphia,PA,19148,2026-08-20,2026-08-22,Flatbed,Steel coils,18852,422,3920,3230,449.76,PO-5800696,BOL387150,PRO4751945,Y,,,,2026-06-06 00:00:00
697,MF-10697,Available,97,,El Paso,TX,79901,Albuquerque,NM,87102,2026-08-22,2026-08-27,Van,Paper rolls,14289,603,4129,,445.37,PO-7500697,BOL979535,PRO3832873,N,,,,2026-06-07 00:00:00
698,MF-10698,Delivered,98,25,Salt Lake City,UT,84104,Boise,ID,83702,2026-06-17,2026-06-22,Van,Beverages,35951,1679,1505,1251,162.82,PO-6800698,BOL646196,,Y,,,,2026-06-08 00:00:00
699,MF-10699,Delivered,99,63,El Paso,TX,79901,Albuquerque,NM,87102,2026-08-10,2026-08-14,Reefer,Frozen food,31181,1825,2540,2241,232.78,PO-4500699,BOL880431,PRO2247391,Y,,,,2026-06-09 00:00:00
700,MF-10700,Delivered,100,113,Los Angeles,CA,90021,Phoenix,AZ,85043,2026-07-21,2026-07-25,Flatbed,Lumber,10513,1067,1703,1496,189.85,PO-4600700,BOL839354,PRO6327222,Y,,,,2026-06-10 00:00:00
701,MF-10701,Delivered,101,32,Atlanta,GA,30318,Miami,FL,33142,2026-06-05,2026-06-06,Van,Electronics,17924,1172,2301,2011,245.12,PO-5100701,BOL869194,PRO3211101,Y,,,,2026-06-11 00:00:00
702,MF-10702,Delivered,102,1,Los Angeles,CA,90021,Phoenix,AZ,85043,2026-06-20,2026-06-22,Reefer,Frozen food,35404,1588,3903,3158,381.76,PO-5600702,BOL743173,PRO4937877,Y,,,,2026-06-12 00:00:00
703,MF-10703,In Transit,103,39,Indianapolis,IN,46225,Columbus,OH,43215,2026-08-18,2026-08-20,Van,Steel coils,14326,628,3848,3193,492.91,PO-4700703,BOL891634,PRO8039619,N,,Nia Diaz,555-845-7425,2026-06-13 00:00:00
704,MF-10704,Cancelled,104,15,Indianapolis,IN,46225,Columbus,OH,43215,2026-07-25,2026-07-29,Van,Beverages,34089,1623,2706,2360,310.53,PO-4800704,BOL911264,PRO9206984,N,,,,2026-06-14 00:00:00
705,MF-10705,In Transit,105,35,Indianapolis,IN,46225,Columbus,OH,43215,2026-08-26,2026-08-29,Flatbed,Paper rolls,36963,1050,2471,2160,299.29,PO-6500705,BOL373363,PRO5501616,N,,Sofia Patel,555-775-6295,2026-06-15 00:00:00
706,MF-10706,In Transit,106,42,Seattle,WA,98134,Portland,OR,97210,2026-08-21,2026-08-22,Reefer,Frozen food,29606,444,4593,3984,802.80,PO-7800706,BOL665987,,N,,Jamal Kowalski,555-748-4378,2026-06-16 00:00:00
707,MF-10707,Dispatched,107,50,Dallas,TX,75212,Atlanta,GA,30318,2026-08-25,2026-08-28,Flatbed,Frozen food,43107,990,3593,2902,343.85,PO-8500707,BOL340474,,N,,Maria Okafor,555-415-6932,2026-06-17 00:00:00
708,MF-10708,Delivered,108,28,Dallas,TX,75212,Atlanta,GA,30318,2026-07-14,2026-07-18,Flatbed,Paper rolls,42508,389,1547,1389,240.58,PO-7200708,BOL517267,PRO1709427,Y,,,,2026-06-18 00:00:00
709,MF-10709,Delivered,109,113,Chicago,IL,60608,Newark,NJ,07105,2026-08-22,2026-08-24,Flatbed,Paper rolls,34263,448,4471,3564,708.23,PO-8700709,BOL383114,PRO2283911,N,,,,2026-06-19 00:00:00
710,MF-10710,Delivered,110,139,Phoenix,AZ,85043,Denver,CO,80216,2026-08-23,2026-08-24,Flatbed,Electronics,20732,1882,1791,1581,285.24,PO-7800710,BOL427354,PRO8132878,Y,,,,2026-06-20 00:00:00
711,MF-10711,In Transit,111,72,Chicago,IL,60608,Newark,NJ,07105,2026-08-22,2026-08-25,Van,Frozen food,34629,1328,2592,2177,264.97,PO-5700711,BOL606828,,N,,Carlos Shah,555-682-7169,2026-06-21 00:00:00
712,MF-10712,Dispatched,112,81,Phoenix,AZ,85043,Denver,CO,80216,2026-08-20,2026-08-21,Flatbed,Plastic resin,23211,1095,2317,1994,191.13,PO-6300712,BOL599967,PRO6211168,N,,Hannah Bennett,555-310-8409,2026-06-22 00:00:00
713,MF-10713,Delivered,113,22,Phoenix,AZ,85043,Denver,CO,80216,2026-08-13,2026-08-18,Van,Beverages,39032,1251,1743,1394,246.89,PO-8600713,BOL980436,PRO4899524,Y,,,,2026-06-23 00:00:00
714,MF-10714,Delivered,114,42,Baltimore,MD,21224,Philadelphia,PA,19148,2026-07-24,2026-07-28,Flatbed,Retail freight,34642,1964,1549,1277,211.49,PO-4000714,BOL381170,PRO9199476,Y,,,,2026-06-24 00:00:00
715,MF-10715,In Transit,115,45,Baltimore,MD,21224,Philadelphia,PA,19148,2026-08-16,2026-08-18,Reefer,Beverages,8892,511,4264,3372,395.39,PO-7300715,BOL884490,,N,,Elena Nguyen,555-307-7974,2026-06-25 00:00:00
716,MF-10716,Delivered,116,81,St. Louis,MO,63102,Kansas City,MO,64120,2026-08-21,2026-08-25,Van,Lumber,8606,787,4467,4030,544.15,PO-4700716,BOL556633,PRO5548431,Y,,,,2026-06-26 00:00:00
717,MF-10717,In Transit,117,19,El Paso,TX,79901,Albuquerque,NM,87102,2026-08-17,2026-08-19,Reefer,Beverages,29638,2078,3876,3159,489.49,PO-8700717,BOL855111,PRO3270615,N,,Ryan Cole,555-580-9509,2026-06-27 00:00:00
718,MF-10718,Delivered,118,59,Atlanta,GA,30318,Miami,FL,33142,2026-08-24,2026-08-27,Van,Auto parts,14150,1281,1422,1171,140.45,PO-6900718,BOL447115,,Y,,,,2026-06-28 00:00:00
719,MF-10719,In Transit,119,114,Chicago,IL,60608,Dallas,TX,75212,2026-08-25,2026-08-28,Flatbed,Paper rolls,28037,932,2564,2294,427.70,PO-7900719,BOL904246,PRO5273985,N,,Hannah Okoye,555-397-5498,2026-06-29 00:00:00
720,MF-10720,In Transit,120,20,Atlanta,GA,30318,Miami,FL,33142,2026-08-25,2026-08-30,Van,Paper rolls,33096,856,1918,1710,266.09,PO-7600720,BOL909478,PRO5651273,N,,Carlos Kowalski,555-469-2676,2026-06-30 00:00:00
721,MF-10721,Cancelled,1,1,Memphis,TN,38118,Houston,TX,77029,2026-07-30,2026-08-01,Van,Paper rolls,17393,517,1774,1614,251.01,PO-7000721,BOL100258,,N,,,,2026-07-01 00:00:00
722,MF-10722,Available,2,,Los Angeles,CA,90021,Phoenix,AZ,85043,2026-08-24,2026-08-29,Reefer,Beverages,40792,1736,3332,,375.55,PO-4700722,BOL352468,PRO7330203,N,,,,2026-07-02 00:00:00
723,MF-10723,Dispatched,3,87,Indianapolis,IN,46225,Columbus,OH,43215,2026-08-21,2026-08-24,Reefer,Frozen food,36943,1183,4313,3450,533.62,PO-8400723,BOL927289,,N,,Kate Singh,555-370-5550,2026-07-03 00:00:00
724,MF-10724,Delivered,4,23,Seattle,WA,98134,Portland,OR,97210,2026-06-03,2026-06-06,Van,Retail freight,22010,1443,4556,3981,696.38,PO-7500724,BOL300261,PRO4003215,Y,,,,2026-07-04 00:00:00
725,MF-10725,Available,5,,Kansas City,MO,64120,Denver,CO,80216,2026-08-23,2026-08-27,Reefer,Frozen food,29525,372,1422,,197.12,PO-6300725,BOL366086,PRO1218011,N,,,,2026-07-05 00:00:00
726,MF-10726,In Transit,6,115,Indianapolis,IN,46225,Columbus,OH,43215,2026-08-16,2026-08-19,Reefer,Frozen food,38854,1424,3743,3350,622.53,PO-8000726,BOL576557,PRO8943146,N,,Carlos Hernandez,555-840-1937,2026-07-06 00:00:00
727,MF-10727,Dispatched,7,4,Seattle,WA,98134,Portland,OR,97210,2026-08-26,2026-08-29,Flatbed,Auto parts,12084,823,1889,1488,271.54,PO-4600727,BOL999563,PRO4257839,N,,Keisha Brooks,555-284-7874,2026-07-07 00:00:00
728,MF-10728,In Transit,8,129,Louisville,KY,40210,Nashville,TN,37210,2026-08-21,2026-08-24,Van,Electronics,12256,575,3105,2786,456.32,PO-8800728,BOL625887,,N,,Hannah Okafor,555-214-7605,2026-07-08 00:00:00
729,MF-10729,Delivered,9,36,Dallas,TX,75212,Atlanta,GA,30318,2026-06-30,2026-07-01,Flatbed,Paper rolls,8211,817,3076,2473,475.80,PO-5700729,BOL687789,PRO6728622,Y,,,,2026-07-09 00:00:00
730,MF-10730,Delivered,10,12,Dallas,TX,75212,Atlanta,GA,30318,2026-06-14,2026-06-18,Van,Frozen food,9317,1750,1753,1412,243.87,PO-5000730,BOL927050,,Y,,,,2026-07-10 00:00:00
731,MF-10731,In Transit,11,42,Charlotte,NC,28208,Jacksonville,FL,32218,2026-08-25,2026-08-27,Flatbed,Paper rolls,28679,1027,4291,3519,462.98,PO-5400731,BOL975849,,N,,Luis Kim,555-254-7214,2026-07-11 00:00:00
732,MF-10732,Available,12,,Phoenix,AZ,85043,Denver,CO,80216,2026-08-22,2026-08-25,Flatbed,Beverages,31275,1365,2483,,221.59,PO-6300732,BOL465805,PRO9775200,N,,,,2026-07-12 00:00:00
733,MF-10733,Delivered,13,54,Charlotte,NC,28208,Jacksonville,FL,32218,2026-08-21,2026-08-26,Van,Lumber,26919,604,4276,3595,618.31,PO-6100733,BOL833640,PRO5512234,Y,,,,2026-07-13 00:00:00
734,MF-10734,Delivered,14,73,Minneapolis,MN,55401,Chicago,IL,60608,2026-07-23,2026-07-25,Reefer,Frozen food,29167,942,3985,3212,374.52,PO-7600734,BOL496267,PRO1567905,Y,,,,2026-07-14 00:00:00
735,MF-10735,Delivered,15,2,Minneapolis,MN,55401,Chicago,IL,60608,2026-06-06,2026-06-09,Van,Plastic resin,31462,807,2779,2419,250.17,PO-5000735,BOL589518,PRO1364903,Y,,,,2026-07-15 00:00:00
736,MF-10736,Delivered,16,125,El Paso,TX,79901,Albuquerque,NM,87102,2026-06-11,2026-06-16,Reefer,Freshline dairy,39624,1569,2434,2145,340.99,PO-6500736,BOL414754,,Y,,,,2026-07-16 00:00:00
737,MF-10737,Available,17,,Salt Lake City,UT,84104,Boise,ID,83702,2026-08-14,2026-08-19,Van,Plastic resin,34263,1394,3144,,494.89,PO-4100737,BOL271993,PRO6042941,N,,,,2026-07-17 00:00:00
738,MF-10738,Available,18,,El Paso,TX,79901,Albuquerque,NM,87102,2026-08-17,2026-08-19,Van,Retail freight,13924,813,4629,,814.66,PO-8900738,BOL248332,PRO8695935,N,,,,2026-07-18 00:00:00
739,MF-10739,Delivered,19,26,Los Angeles,CA,90021,Phoenix,AZ,85043,2026-08-25,2026-08-27,Van,Steel coils,13909,1663,2156,1752,216.32,PO-5500739,BOL261625,PRO7279004,Y,,,,2026-07-19 00:00:00
740,MF-10740,Delivered,20,76,Atlanta,GA,30318,Miami,FL,33142,2026-07-12,2026-07-13,Flatbed,Plastic resin,23908,1742,3334,2912,543.89,PO-4600740,BOL506400,,Y,,,,2026-07-20 00:00:00
741,MF-10741,Dispatched,21,37,Los Angeles,CA,90021,Phoenix,AZ,85043,2026-08-20,2026-08-23,Flatbed,Plastic resin,9762,634,2820,2392,434.40,PO-7800741,BOL286814,PRO7193016,N,,Kate Murphy,555-746-2174,2026-07-21 00:00:00
742,MF-10742,Delivered,22,140,Los Angeles,CA,90021,Phoenix,AZ,85043,2026-06-08,2026-06-13,Reefer,Frozen food,27787,1071,1965,1670,165.89,PO-4500742,BOL456082,PRO4017812,Y,,,,2026-07-22 00:00:00
743,MF-10743,Delivered,23,121,Kansas City,MO,64120,Denver,CO,80216,2026-07-17,2026-07-21,Reefer,Freshline dairy,41904,1888,3127,2517,374.68,PO-4600743,BOL587506,PRO6809729,Y,,,,2026-07-23 00:00:00
744,MF-10744,In Transit,24,2,Memphis,TN,38118,Houston,TX,77029,2026-08-16,2026-08-20,Van,Retail freight,34326,1045,4211,3552,541.59,PO-8900744,BOL157159,,N,,Luis Shah,555-719-7291,2026-07-24 00:00:00
745,MF-10745,Delivered,25,82,Kansas City,MO,64120,Denver,CO,80216,2026-06-09,2026-06-13,Reefer,Beverages,19720,1048,3591,3289,327.38,PO-7400745,BOL896509,PRO2342330,Y,,,,2026-07-25 00:00:00
746,MF-10746,Delivered,26,26,Louisville,KY,40210,Nashville,TN,37210,2026-06-11,2026-06-14,Flatbed,Electronics,10611,428,3263,2743,412.69,PO-7100746,BOL582607,PRO7195765,Y,,,,2026-07-26 00:00:00
747,MF-10747,Delivered,27,142,Detroit,MI,48209,Cleveland,OH,44113,2026-05-31,2026-06-03,Van,Lumber,29275,789,2601,2158,212.64,PO-8000747,BOL137345,PRO6993567,Y,,,,2026-07-27 00:00:00
748,MF-10748,Dispatched,28,11,Chicago,IL,60608,Newark,NJ,07105,2026-08-23,2026-08-25,Flatbed,Frozen food,38017,1591,3165,2864,362.51,PO-7900748,BOL355958,PRO9783858,N,,Luis Brooks,555-848-9084,2026-07-28 00:00:00
749,MF-10749,In Transit,29,52,Detroit,MI,48209,Cleveland,OH,44113,2026-08-25,2026-08-28,Van,Auto parts,27790,1045,4371,3457,755.06,PO-6500749,BOL123470,,N,,Kate Garcia,555-591-9398,2026-07-29 00:00:00
750,MF-10750,Dispatched,30,145,Dallas,TX,75212,Atlanta,GA,30318,2026-08-20,2026-08-21,Van,Electronics,11200,946,3608,3245,376.59,PO-7600750,BOL595890,,N,,Carlos Kim,555-830-9422,2026-07-30 00:00:00
751,MF-10751,Available,31,,Phoenix,AZ,85043,Denver,CO,80216,2026-08-15,2026-08-17,Reefer,Beverages,19879,1568,1587,,222.91,PO-5800751,BOL385925,,N,,,,2026-07-31 00:00:00
752,MF-10752,Delivered,32,36,Minneapolis,MN,55401,Chicago,IL,60608,2026-06-02,2026-06-04,Reefer,Beverages,9184,1632,4000,3298,408.53,PO-6000752,BOL331795,,Y,,,,2026-08-01 00:00:00
753,MF-10753,Delivered,33,114,St. Louis,MO,63102,Kansas City,MO,64120,2026-06-11,2026-06-15,Flatbed,Retail freight,30321,834,3348,3047,272.05,PO-6200753,BOL962588,PRO8750193,Y,,,,2026-08-02 00:00:00
754,MF-10754,Covered,34,128,Baltimore,MD,21224,Philadelphia,PA,19148,2026-08-23,2026-08-28,Van,Plastic resin,13151,1473,2447,2046,357.43,PO-7100754,BOL688592,PRO2394052,N,,,,2026-08-03 00:00:00
755,MF-10755,Delivered,35,140,Baltimore,MD,21224,Philadelphia,PA,19148,2026-07-18,2026-07-21,Reefer,Beverages,31044,1336,2038,1767,197.02,PO-6700755,BOL535571,PRO1392726,Y,,,,2026-08-04 00:00:00
756,MF-10756,Dispatched,36,31,Salt Lake City,UT,84104,Boise,ID,83702,2026-08-18,2026-08-22,Reefer,Frozen food,26962,545,3020,2447,541.22,PO-5000756,BOL904126,PRO7729618,N,,Andre Cole,555-326-2588,2026-08-05 00:00:00
757,MF-10757,In Transit,37,59,El Paso,TX,79901,Albuquerque,NM,87102,2026-08-14,2026-08-16,Flatbed,Steel coils,28825,1208,4120,3723,725.22,PO-7400757,BOL658375,PRO7777424,N,,Omar Ali,555-845-2730,2026-08-06 00:00:00
758,MF-10758,In Transit,38,21,Atlanta,GA,30318,Miami,FL,33142,2026-08-22,2026-08-26,Van,Plastic resin,14443,965,4524,3822,439.86,PO-7700758,BOL784829,PRO8017399,N,,Mei Okoye,555-745-6473,2026-08-07 00:00:00
759,MF-10759,Delivered,39,18,El Paso,TX,79901,Albuquerque,NM,87102,2026-06-07,2026-06-09,Flatbed,Electronics,9496,845,1729,1493,264.91,PO-7900759,BOL362081,,Y,,,,2026-08-08 00:00:00
760,MF-10760,In Transit,40,139,Chicago,IL,60608,Dallas,TX,75212,2026-08-21,2026-08-22,Flatbed,Plastic resin,19482,1147,3275,2723,548.45,PO-8500760,BOL309490,,N,,Elena Okafor,555-397-3644,2026-08-09 00:00:00
761,MF-10761,Delivered,41,73,Atlanta,GA,30318,Miami,FL,33142,2026-07-30,2026-08-04,Reefer,Beverages,40782,1493,2390,2130,423.70,PO-4700761,BOL942726,PRO6557607,Y,,,,2026-08-10 00:00:00
762,MF-10762,Covered,42,134,Newark,NJ,07105,Charlotte,NC,28208,2026-08-23,2026-08-27,Van,Dry grocery,42063,1142,4466,3503,659.57,PO-6400762,BOL173783,PRO5362566,N,,,,2026-08-11 00:00:00
763,MF-10763,Available,43,,Newark,NJ,07105,Charlotte,NC,28208,2026-08-15,2026-08-20,Flatbed,Lumber,39510,1875,4327,,356.42,PO-8600763,BOL162690,,N,,,,2026-08-12 00:00:00
764,MF-10764,Delivered,44,130,Memphis,TN,38118,Houston,TX,77029,2026-07-10,2026-07-14,Flatbed,Beverages,15325,1658,1908,1515,314.26,PO-5000764,BOL484265,PRO6701478,Y,,,,2026-08-13 00:00:00
765,MF-10765,Delivered,45,34,Indianapolis,IN,46225,Columbus,OH,43215,2026-06-25,2026-06-27,Van,Retail freight,24038,1730,1703,1437,257.00,PO-5600765,BOL459077,,Y,,,,2026-08-14 00:00:00
766,MF-10766,Delivered,46,95,Detroit,MI,48209,Cleveland,OH,44113,2026-05-28,2026-05-31,Reefer,Frozen food,32304,1334,2006,1711,165.68,PO-6300766,BOL848476,,Y,,,,2026-08-15 00:00:00
767,MF-10767,Available,47,,Louisville,KY,40210,Nashville,TN,37210,2026-08-17,2026-08-20,Reefer,Beverages,16424,480,2607,,248.82,PO-7800767,BOL406533,PRO5316874,N,,,,2026-08-16 00:00:00
768,MF-10768,In Transit,48,39,Louisville,KY,40210,Nashville,TN,37210,2026-08-23,2026-08-28,Van,Electronics,39258,1446,4453,4015,586.38,PO-5000768,BOL460934,PRO9406983,N,,James Hernandez,555-572-9332,2026-08-17 00:00:00
769,MF-10769,Delivered,49,115,Chicago,IL,60608,Newark,NJ,07105,2026-07-08,2026-07-12,Van,Lumber,12243,881,3382,3062,275.37,PO-5400769,BOL424333,,Y,,,,2026-08-18 00:00:00
770,MF-10770,Delivered,50,50,Dallas,TX,75212,Atlanta,GA,30318,2026-06-03,2026-06-05,Reefer,Beverages,42348,2019,1449,1300,238.47,PO-5400770,BOL877391,,Y,,,,2026-05-01 00:00:00
771,MF-10771,In Transit,51,46,Charlotte,NC,28208,Jacksonville,FL,32218,2026-08-16,2026-08-17,Flatbed,Frozen food,42271,687,1725,1579,147.66,PO-5500771,BOL368511,PRO4064939,N,,Carlos Bennett,555-747-9810,2026-05-02 00:00:00
772,MF-10772,In Transit,52,23,Phoenix,AZ,85043,Denver,CO,80216,2026-08-23,2026-08-27,Van,Electronics,12172,2035,4443,3583,724.52,PO-4800772,BOL647941,,N,,Carlos Bennett,555-484-2496,2026-05-03 00:00:00
773,MF-10773,Delivered,53,77,Charlotte,NC,28208,Jacksonville,FL,32218,2026-06-12,2026-06-17,Reefer,Frozen food,12787,582,4600,3620,731.41,PO-7000773,BOL222060,PRO8986555,Y,,,,2026-05-04 00:00:00
774,MF-10774,Delivered,54,39,Minneapolis,MN,55401,Chicago,IL,60608,2026-06-10,2026-06-14,Flatbed,Dry grocery,20766,1386,1856,1634,230.63,PO-8000774,BOL744259,PRO1008306,Y,,,,2026-05-05 00:00:00
775,MF-10775,Delivered,55,81,Salt Lake City,UT,84104,Boise,ID,83702,2026-06-10,2026-06-13,Flatbed,Auto parts,27637,721,3379,2878,591.81,PO-7400775,BOL361118,,Y,,,,2026-05-06 00:00:00
776,MF-10776,In Transit,56,15,Salt Lake City,UT,84104,Boise,ID,83702,2026-08-16,2026-08-20,Van,Beverages,36312,1558,3430,2753,296.89,PO-5900776,BOL199161,PRO8435634,N,,James Johnson,555-721-8708,2026-05-07 00:00:00
777,MF-10777,Delivered,57,141,Salt Lake City,UT,84104,Boise,ID,83702,2026-08-01,2026-08-02,Van,Paper rolls,14744,1582,2650,2185,352.56,PO-5900777,BOL739135,,Y,,,,2026-05-08 00:00:00
778,MF-10778,In Transit,58,142,Chicago,IL,60608,Dallas,TX,75212,2026-08-24,2026-08-26,Reefer,Frozen food,25654,648,3340,2910,530.64,PO-5600778,BOL594908,PRO6093866,N,,Kate Kowalski,555-533-9461,2026-05-09 00:00:00
779,MF-10779,Delivered,59,139,Atlanta,GA,30318,Miami,FL,33142,2026-07-14,2026-07-17,Reefer,Freshline dairy,34481,293,3011,2670,242.59,PO-6600779,BOL470789,PRO3347640,Y,,,,2026-05-10 00:00:00
780,MF-10780,Cancelled,60,27,Los Angeles,CA,90021,Phoenix,AZ,85043,2026-08-23,2026-08-25,Flatbed,Steel coils,36016,1799,2607,2337,214.73,PO-6400780,BOL441505,PRO4346251,N,,,,2026-05-11 00:00:00
781,MF-10781,Dispatched,61,10,Memphis,TN,38118,Houston,TX,77029,2026-08-22,2026-08-23,Van,Auto parts,39918,691,1588,1412,188.98,PO-5700781,BOL736176,PRO1995171,N,,Omar Diaz,555-807-8698,2026-05-12 00:00:00
782,MF-10782,Delivered,62,52,Memphis,TN,38118,Houston,TX,77029,2026-07-21,2026-07-26,Reefer,Frozen food,35117,1868,4471,3533,794.58,PO-4900782,BOL257726,PRO4355347,Y,,,,2026-05-13 00:00:00
783,MF-10783,In Transit,63,97,Indianapolis,IN,46225,Columbus,OH,43215,2026-08-23,2026-08-26,Flatbed,Steel coils,28575,1927,1975,1753,171.43,PO-6300783,BOL910237,PRO4603961,N,,Elena Okafor,555-498-1358,2026-05-14 00:00:00
784,MF-10784,Delivered,64,51,Seattle,WA,98134,Portland,OR,97210,2026-07-27,2026-07-31,Reefer,Beverages,9516,467,2460,2006,380.72,PO-4700784,BOL773437,PRO7648944,Y,,,,2026-05-15 00:00:00
785,MF-10785,Covered,65,86,Kansas City,MO,64120,Denver,CO,80216,2026-08-18,2026-08-19,Reefer,Beverages,29434,1798,3190,2932,561.37,PO-7400785,BOL615909,,N,,,,2026-05-16 00:00:00
786,MF-10786,Delivered,66,12,Indianapolis,IN,46225,Columbus,OH,43215,2026-08-16,2026-08-21,Flatbed,Frozen food,38700,1429,4671,3979,771.41,PO-8100786,BOL300160,PRO8230086,Y,,,,2026-05-17 00:00:00
787,MF-10787,Covered,67,118,Dallas,TX,75212,Atlanta,GA,30318,2026-08-19,2026-08-21,Reefer,Frozen food,42584,1779,2144,1866,244.38,PO-8400787,BOL875378,PRO8254420,N,,,,2026-05-18 00:00:00
788,MF-10788,Available,68,,Chicago,IL,60608,Newark,NJ,07105,2026-08-17,2026-08-20,Van,Electronics,8559,641,4792,,570.22,PO-6000788,BOL547898,,N,,,,2026-05-19 00:00:00
789,MF-10789,Covered,69,118,Chicago,IL,60608,Newark,NJ,07105,2026-08-18,2026-08-22,Flatbed,Paper rolls,18001,566,4553,4074,785.55,PO-8900789,BOL255486,,N,,,,2026-05-20 00:00:00
790,MF-10790,Delivered,70,6,Dallas,TX,75212,Atlanta,GA,30318,2026-06-18,2026-06-23,Van,Lumber,23080,1527,1683,1389,187.71,PO-5300790,BOL311499,,Y,,,,2026-05-21 00:00:00
791,MF-10791,Delivered,71,142,Phoenix,AZ,85043,Denver,CO,80216,2026-07-27,2026-07-29,Reefer,Frozen food,9666,1089,3200,2551,559.36,PO-8700791,BOL995681,PRO7382330,Y,,,,2026-05-22 00:00:00
792,MF-10792,Delivered,72,27,Minneapolis,MN,55401,Chicago,IL,60608,2026-07-05,2026-07-07,Reefer,Frozen food,41849,429,2117,1801,291.79,PO-5000792,BOL893359,,Y,,,,2026-05-23 00:00:00
793,MF-10793,Available,73,,Minneapolis,MN,55401,Chicago,IL,60608,2026-08-15,2026-08-18,Reefer,Frozen food,31583,1158,1771,,283.32,PO-5600793,BOL633447,,N,,,,2026-05-24 00:00:00
794,MF-10794,Delivered,74,56,Charlotte,NC,28208,Jacksonville,FL,32218,2026-07-08,2026-07-12,Van,Retail freight,27706,649,2669,2394,329.39,PO-8400794,BOL188553,PRO7537849,Y,,,,2026-05-25 00:00:00
795,MF-10795,Covered,75,6,Minneapolis,MN,55401,Chicago,IL,60608,2026-08-22,2026-08-25,Van,Paper rolls,18207,467,2126,1826,197.28,PO-8400795,BOL592634,PRO2026454,N,,,,2026-05-26 00:00:00
796,MF-10796,In Transit,76,52,Baltimore,MD,21224,Philadelphia,PA,19148,2026-08-15,2026-08-18,Flatbed,Plastic resin,19902,927,3524,3224,543.39,PO-4700796,BOL924764,,N,,Keisha Chen,555-376-3861,2026-05-27 00:00:00
797,MF-10797,In Transit,77,34,El Paso,TX,79901,Albuquerque,NM,87102,2026-08-20,2026-08-23,Flatbed,Retail freight,34716,275,3327,2611,556.28,PO-7400797,BOL495351,PRO9811471,N,,James Okoye,555-539-1466,2026-05-28 00:00:00
798,MF-10798,Delivered,78,29,Salt Lake City,UT,84104,Boise,ID,83702,2026-08-24,2026-08-27,Van,Plastic resin,35202,1933,1860,1703,235.18,PO-7400798,BOL561809,,Y,,,,2026-05-29 00:00:00
799,MF-10799,In Transit,79,76,El Paso,TX,79901,Albuquerque,NM,87102,2026-08-22,2026-08-26,Reefer,Freshline dairy,20863,437,3357,2850,547.56,PO-5400799,BOL639737,,N,,Elena Ali,555-828-2579,2026-05-30 00:00:00
800,MF-10800,Available,80,,Atlanta,GA,30318,Miami,FL,33142,2026-08-16,2026-08-17,Flatbed,Frozen food,14896,691,4337,,522.10,PO-5400800,BOL362847,,N,,,,2026-05-31 00:00:00
